20170502,47,323,5151,0,0,1,0,0,0,0,0,2,
20170502,47,340,5152,0,0,1,0,0,0,0,0,2,
20170502,47,448,5153,1,0,1,0,0,0,0,0,2,
20170502,47,431,5154,0,0,1,0,0,1,0,0,2,
20170502,47,461,5155,0,0,1,0,0,0,0,0,2,
20170502,47,465,4801,0,0,1,0,0,0,1,0,4,
20170502,47,390,4802,0,0,1,0,0,0,1,0,4,
20170502,47,267,4803,0,0,1,0,0,0,0,0,4,
20170502,47,355,4804,0,0,1,0,0,0,0,0,4,
20170503,46,354,5157,0,0,1,0,0,0,0,0,2,
20170503,46,595,5158,1,1,1,0,0,0,1,0,2,
20170503,46,266,4805,0,0,1,0,0,0,1,0,5,
20170503,46,353,4806,0,0,1,0,0,0,1,0,5,
20170503,46,391,4807,0,0,1,0,0,0,1,0,5,
20170503,46,280,4808,0,0,1,0,0,0,1,0,5,
20170503,46,409,4809,1,0,1,0,0,0,0,0,5,
20170503,46,356,4810,2,0,1,0,0,1,1,0,5,
20170503,46,462,4811,2,0,1,0,0,1,1,0,5,
20170503,46,446,4812,1,0,1,0,0,1,0,0,5,
20170503,46,422,4813,0,0,1,0,0,0,0,0,5,
20170503,46,426,4814,1,0,1,0,0,0,0,0,5,
20170503,46,384,4815,0,0,1,0,0,0,1,0,5,
20170503,46,462,4816,2,0,1,0,0,1,0,0,5,
20170503,46,523,4817,2,0,1,0,0,0,1,0,5,
20170503,46,510,4818,2,0,1,0,0,1,1,0,5,
20170503,46,416,4819,2,0,1,0,0,0,0,0,5,
20170503,46,447,4820,1,0,1,0,0,1,0,0,5,
20170503,46,419,4821,1,0,1,0,0,0,1,0,5,
20170503,46,615,4823,1,0,1,0,0,1,1,0,5,
20170503,46,557,4824,1,0,1,0,0,0,1,0,5,
20170503,46,626,4825,1,0,1,0,0,1,1,0,5,
20170503,46,600,4826,1,1,1,0,0,0,1,0,5,
20170503,46,391,4827,2,0,1,0,0,0,1,0,5,
20170503,46,665,4828,1,0,1,0,0,0,1,0,5,
20170503,46,526,4829,1,0,1,0,0,0,1,0,5,
20170503,46,316,4830,0,0,1,0,0,0,0,0,5,
20170504,45,496,4832,1,0,1,0,0,0,1,0,2,
20170504,45,541,4833,1,0,1,0,0,1,1,0,2,
20170504,45,479,4834,1,0,1,0,0,1,1,0,2,
20170504,45,446,4835,1,1,1,0,0,0,1,0,2,
20170504,45,534,4836,1,1,1,0,0,0,1,0,2,
20170504,45,568,4837,2,0,1,0,0,0,1,0,2,
20170504,45,590,4838,1,1,1,0,0,1,1,0,2,
20170504,45,519,4839,1,0,1,0,0,1,1,0,2,
20170504,45,471,4840,1,1,1,0,0,0,1,0,2,
20170504,45,526,4841,1,1,1,0,0,1,1,0,2,
20170504,45,426,4842,2,0,1,0,0,0,1,0,2,
20170504,45,530,4843,1,1,1,0,0,1,1,0,2,
20170504,45,405,4844,0,0,1,0,0,0,1,0,2,
20170504,45,310,4845,0,0,1,0,0,1,1,0,2,
20170504,45,291,4846,0,0,1,0,0,0,1,0,2,
20170504,45,360,4847,0,0,1,0,0,1,1,1,2,
20170504,45,395,4848,1,0,1,0,0,0,1,0,2,
20170504,45,340,4849,0,0,1,0,0,1,0,0,2,
20170504,45,488,5159,2,0,1,0,0,0,0,0,2,
20170504,45,511,5160,2,0,1,0,0,1,1,0,2,
20170504,45,499,5162,0,0,1,0,0,0,1,1,2,
20170504,45,388,5163,0,0,1,0,0,0,0,0,2,
20170504,45,427,5164,2,0,1,0,0,0,0,0,2,
20170504,45,398,5165,0,0,1,0,0,0,0,0,2,
20170504,45,485,5166,1,1,1,0,0,0,1,1,2,
20170504,45,495,5167,2,0,1,0,0,0,1,0,2,
20170504,45,488,5168,1,0,1,0,0,1,1,0,2,
20170504,45,494,5169,1,0,1,0,0,1,1,0,2,
20170504,45,375,5170,0,0,1,0,0,0,1,0,2,
20170504,45,315,5171,0,0,1,0,0,0,0,0,2,
20170504,45,370,5172,0,0,1,0,0,0,1,0,2,
20170504,45,440,5173,0,0,1,0,0,1,1,0,2,
20170504,45,575,5174,1,1,1,0,0,0,1,0,2,
20170504,45,518,5175,1,0,1,0,0,0,1,0,2,
20170504,45,418,5176,0,0,1,0,0,0,0,0,2,
20170504,45,460,5177,1,1,1,0,0,1,1,0,2,
20170504,45,659,5178,1,1,1,0,0,0,1,0,2,
20170505,47,388,5179,0,0,1,0,0,0,0,0,3,
20170505,47,364,5180,0,0,1,0,0,0,0,0,3,
20170505,47,458,5181,0,0,1,0,0,1,1,0,3,
20170505,46,444,5182,2,0,1,0,0,0,0,0,3,
20170505,46,495,5183,1,0,1,0,0,0,1,0,3,
20170505,46,370,5184,0,0,1,0,0,0,0,1,3,
20170505,46,520,5185,1,1,1,0,0,1,1,0,3,
20170505,46,615,5186,2,0,1,0,0,1,1,0,3,
20170505,45,540,5187,2,0,1,0,0,1,1,0,3,
20170505,45,520,5188,2,0,1,0,0,0,0,0,3,
20170505,45,459,5189,2,0,1,0,0,1,1,0,3,
20170505,45,374,5190,0,0,1,0,0,1,1,0,3,
20170505,45,385,5191,0,0,1,0,0,0,1,0,3,
20170505,45,378,5192,0,0,1,0,0,1,0,0,3,
20170505,47,446,4850,0,0,1,0,0,0,0,0,2,
20170505,47,584,4876,2,0,1,0,0,1,0,0,2,
20170505,46,462,4877,0,0,1,0,0,0,0,0,2,
20170505,46,350,4878,1,1,1,0,0,0,0,0,2,
20170505,46,296,4879,0,0,1,0,0,0,0,0,2,
20170505,45,364,4880,1,1,1,0,0,1,0,0,2,
20170505,45,404,4881,0,0,1,0,0,0,1,1,2,
20170505,45,549,4882,1,1,1,0,0,1,0,0,2,
20170505,45,480,4883,0,0,1,0,0,0,0,0,2,
20170505,45,450,4884,0,0,1,0,0,0,0,0,2,
20170505,45,365,4885,0,0,1,0,0,0,0,0,2,
20170505,45,412,4886,0,0,1,0,0,0,1,0,2,
20170508,46,384,4887,0,0,1,0,0,1,1,0,5,
20170508,46,376,4888,0,0,1,0,0,1,0,0,5,
20170508,46,437,4889,0,0,1,0,0,0,1,0,5,
20170508,46,448,4890,0,0,1,0,0,1,1,0,5,
20170508,46,331,4891,0,0,1,0,0,0,1,0,5,
20170508,46,523,4892,1,1,1,0,0,1,1,0,5,
20170508,46,587,4893,0,0,1,0,0,1,1,0,5,
20170508,46,443,4894,0,0,1,0,0,0,0,0,5,
20170508,46,349,4895,0,0,1,0,0,0,1,0,5,
20170508,46,453,4896,1,1,1,0,0,1,1,0,5,
20170508,46,332,4897,0,0,1,0,0,0,0,0,5,
20170508,46,450,4898,0,0,1,0,0,0,0,0,5,
20170508,46,393,4899,0,0,1,0,0,1,1,0,5,
20170508,46,447,4900,1,1,1,0,0,0,1,0,5,
20170508,46,445,4901,0,0,1,0,0,1,0,0,5,
20170508,46,457,5193,2,0,1,0,0,0,1,0,5,
20170508,46,410,5194,1,1,1,0,0,1,1,0,5,
20170508,46,441,5195,2,0,1,0,0,1,1,0,5,
20170508,46,491,5196,2,0,1,0,0,1,1,0,5,
20170508,46,361,5197,2,0,1,0,0,0,1,0,5,
20170508,46,384,5198,0,0,1,0,0,0,0,0,5,
20170508,46,578,5199,1,1,1,0,0,1,1,0,5,
20170508,46,429,5200,2,0,1,0,0,0,0,0,5,
20170508,46,491,5201,2,0,1,0,0,1,1,0,5,
20170508,46,353,5202,1,1,1,0,0,1,0,0,5,
20170508,46,378,5203,0,0,1,0,0,0,1,0,5,
20170508,46,404,5204,0,0,1,0,0,0,0,0,5,
20170508,46,384,5205,0,0,1,0,0,0,1,0,5,
20170508,46,354,5206,0,0,1,0,0,0,1,0,5,
20170508,46,494,5207,2,0,1,0,0,1,1,0,5,
20170508,46,427,5208,1,0,1,0,0,0,0,0,5,
20170508,46,511,0,1,0,1,0,0,0,1,1,5,
20170508,46,374,5209,0,0,1,0,0,0,0,0,5,
20170508,46,371,5210,0,0,1,0,0,0,0,0,5,
20170508,46,563,5211,2,0,1,0,0,0,1,0,5,
20170508,46,408,5212,0,0,1,0,0,0,1,0,5,
20170508,46,391,5213,2,0,1,0,0,0,1,0,5,
20170508,46,417,5214,1,1,1,0,0,1,1,0,5,
20170508,46,368,5215,0,0,1,0,0,0,0,0,5,
20170508,46,335,5216,0,0,1,0,0,0,0,0,5,
20170508,46,408,5217,0,0,1,0,0,0,1,0,5,
20170508,46,377,5218,2,0,1,0,0,1,1,0,5,
20170508,46,428,5219,0,0,1,0,0,0,1,0,5,
20170508,46,496,5220,2,0,1,0,0,1,1,0,5,
20170508,46,486,5221,1,0,1,0,0,1,1,0,5,
20170508,46,466,5222,1,0,1,0,0,1,1,0,5,
20170508,46,425,5223,2,0,1,0,0,0,1,0,5,
20170508,46,471,5224,2,0,1,0,0,1,1,0,5,
20170508,46,585,5225,2,1,1,0,0,1,1,0,5,
20170508,46,562,5226,2,0,1,0,0,1,1,0,5,
20170508,46,506,5227,1,1,1,0,0,0,1,0,5,
20170508,46,448,5228,2,0,1,0,0,1,0,0,5,
20170508,46,521,5229,1,0,1,0,0,1,0,0,5,
20170508,46,382,5230,2,0,1,0,0,0,0,0,5,
20170508,46,353,5231,2,0,1,0,0,0,0,0,5,
20170508,46,382,5232,0,0,1,0,0,0,0,0,5,
20170508,46,531,5233,2,0,1,0,0,1,1,0,5,
20170509,47,501,5234,0,0,1,0,0,0,1,0,6,
20170509,47,569,5235,1,0,1,0,0,1,0,0,6,594
20170509,47,497,5236,1,1,1,0,0,1,1,0,6,
20170509,47,581,5237,1,1,1,0,0,1,1,0,6,
20170509,47,376,5238,0,0,1,0,0,0,0,0,6,
20170509,47,373,5239,0,0,1,0,0,1,1,0,6,
20170509,47,350,5240,0,0,1,0,0,0,0,0,6,
20170509,47,456,5241,0,0,1,0,0,0,0,0,6,
20170509,47,386,5242,0,0,1,0,0,0,0,0,6,
20170509,47,224,5243,0,0,1,0,0,0,0,0,6,
20170509,47,433,5244,1,1,1,0,0,1,1,0,6,
20170509,47,461,5245,1,1,1,0,0,1,0,0,6,
20170509,47,650,4902,2,0,1,0,0,1,1,0,6,
20170509,47,565,4903,1,1,1,0,0,1,0,0,6,
20170509,47,528,4904,2,0,1,0,0,0,1,0,6,
20170509,47,666,4905,1,0,1,0,0,1,0,0,6,
20170509,47,460,4906,2,0,1,0,0,0,1,0,6,
20170509,47,536,4907,1,1,1,0,0,0,1,0,6,
20170509,47,495,4909,1,1,1,0,0,0,1,0,6,
20170509,47,425,4910,1,1,1,0,0,0,0,0,6,
20170509,47,440,4911,1,0,1,0,0,1,1,0,6,
20170509,47,560,4912,1,0,1,0,0,1,0,0,6,
20170509,47,270,4913,1,1,1,0,0,0,0,0,6,
20170509,47,560,4914,1,1,1,0,0,1,1,0,6,
20170509,47,300,4915,0,0,1,0,0,0,0,0,6,
20170509,47,555,4916,1,1,1,0,0,0,1,0,6,
20170509,47,460,4917,1,1,1,0,0,0,1,0,6,
20170510,45,475,4918,1,1,1,0,0,1,1,0,4,
20170510,45,376,4919,0,0,1,0,0,0,1,0,4,
20170510,45,453,4920,1,0,1,0,0,0,1,0,4,
20170510,45,364,4921,0,0,1,0,0,1,1,0,4,
20170510,45,471,4922,2,0,1,0,0,0,1,0,4,
20170510,45,493,4923,2,0,1,0,0,1,1,0,4,
20170510,45,462,4924,1,1,1,0,0,0,0,0,4,
20170510,45,475,4925,2,0,1,0,0,1,0,0,4,
20170510,45,0,5163,,,1,0,1,0,0,0,4,
20170510,45,408,4927,2,0,1,0,0,0,0,0,4,
20170510,45,435,4928,0,0,1,0,0,0,0,0,4,
20170510,45,315,4929,0,0,1,0,0,0,1,0,4,
20170510,45,414,4930,2,0,1,0,0,1,1,0,4,
20170510,45,474,4931,2,0,1,0,0,1,1,0,4,
20170510,45,465,4932,2,0,1,0,0,1,1,0,4,
20170510,45,362,4933,0,0,1,0,0,0,0,0,4,
20170510,45,354,4934,0,0,1,0,0,0,1,0,4,
20170510,45,484,4935,0,0,1,0,0,0,1,0,4,
20170510,45,438,4936,1,0,1,0,0,1,1,0,4,
20170510,45,430,4937,0,0,1,0,0,0,1,0,4,
20170510,45,445,4938,0,0,1,0,0,1,0,0,4,
20170510,45,334,4939,0,0,1,0,0,0,1,0,4,
20170510,45,0,4940,2,0,1,0,0,1,0,0,4,
20170510,45,319,4941,0,0,1,0,0,0,0,0,4,
20170510,45,266,4942,0,0,1,0,0,0,0,0,4,
20170510,45,418,4944,0,0,1,0,0,0,1,0,4,
20170510,45,365,4945,0,0,1,0,0,0,1,0,4,
20170510,45,348,4946,0,0,1,0,0,0,0,0,4,
20170510,45,383,4947,0,0,1,0,0,0,1,0,4,
20170510,45,448,4948,0,0,1,0,0,1,1,0,4,
20170510,45,398,4949,0,0,1,0,0,0,0,0,4,
20170510,45,478,4950,2,0,1,0,0,1,1,0,4,
20170510,45,308,4951,0,0,1,0,0,0,0,0,4,
20170510,45,412,4952,0,0,1,0,0,0,1,0,4,
20170510,45,408,4953,0,0,1,0,0,0,0,0,4,
20170510,45,313,4954,0,0,1,0,0,0,1,0,4,
20170510,45,514,4955,2,0,1,0,0,1,1,0,4,
20170510,45,518,4956,2,0,1,0,0,1,0,0,4,
20170510,45,271,4957,0,0,1,0,0,0,0,0,4,
20170510,45,420,4958,0,0,1,0,0,1,1,0,4,
20170510,45,525,4959,1,1,1,0,0,1,1,0,4,
20170510,45,416,4960,2,0,1,0,0,1,0,0,4,
20170510,45,377,4961,0,0,1,0,0,0,0,0,4,
20170510,45,275,4962,0,0,1,0,0,0,0,0,4,
20170510,45,396,4963,0,0,1,0,0,1,1,0,4,
20170510,45,457,4964,2,0,1,0,0,0,1,0,4,
20170510,45,337,4965,0,0,1,0,0,1,1,0,4,
20170510,45,396,4966,0,0,1,0,0,0,0,0,4,
20170510,45,369,4967,0,0,1,0,0,0,1,0,4,
20170510,45,384,4968,0,0,1,0,0,0,0,0,4,
20170510,45,294,4969,0,0,1,0,0,0,0,0,4,
20170510,45,598,4970,1,0,1,0,0,1,0,0,4,
20170510,45,390,5246,0,0,1,0,0,0,0,0,4,
20170510,45,430,5247,0,0,1,0,0,0,0,0,4,
20170510,45,350,5248,0,0,1,0,0,0,0,0,4,
20170510,45,308,5249,0,0,1,0,0,0,0,0,4,
20170510,45,323,5250,0,0,1,0,0,0,0,0,4,
20170510,45,634,5251,2,0,1,0,0,1,1,0,4,
20170510,45,275,5253,0,0,1,0,0,0,0,0,4,
20170510,45,400,5254,0,0,1,0,0,0,0,0,4,
20170510,45,250,5255,0,0,1,0,0,0,0,0,4,
20170510,45,657,5256,1,1,1,0,0,1,1,0,4,
20170510,45,475,5257,0,0,1,0,0,1,0,0,4,
20170510,45,515,5258,2,0,1,0,0,1,1,0,4,
20170510,45,475,5260,0,0,1,0,0,0,0,0,4,
20170510,45,445,5261,0,0,1,0,0,1,0,0,4,
20170510,45,475,5262,0,0,1,0,0,0,0,0,4,
20170510,45,414,5263,0,0,1,0,0,0,1,0,4,
20170510,45,355,5264,0,0,1,0,0,0,1,0,4,
20170510,45,455,5265,0,0,1,0,0,1,0,0,4,
20170510,45,445,5266,0,0,1,0,0,0,0,0,4,
20170510,45,405,5267,0,0,1,0,0,0,0,0,4,
20170510,45,265,5268,0,0,1,0,0,0,0,0,4,
20170510,45,435,5269,2,1,1,0,0,0,0,0,4,
20170510,45,465,5270,0,0,1,0,0,0,1,0,4,
20170510,45,500,5271,0,0,1,0,0,1,0,0,4,
20170510,45,340,5272,0,0,1,0,0,0,1,0,4,
20170510,45,380,4810,0,0,1,0,1,1,1,0,4,
20170510,45,405,5273,0,0,1,0,0,0,1,0,4,
20170510,45,330,5274,0,0,1,0,0,0,0,0,4,
20170510,45,515,5275,1,1,1,0,0,1,1,0,4,
20170510,45,580,5276,2,0,1,0,0,1,0,0,4,
20170510,45,477,5277,2,0,1,0,0,0,0,0,4,
20170510,45,485,5278,0,0,1,0,0,0,0,0,4,
20170510,45,480,5279,0,0,1,0,0,0,1,0,4,
20170510,45,381,5280,0,0,1,0,0,0,1,0,4,
20170510,45,520,5281,2,0,1,0,0,0,1,0,4,
20170510,45,465,5282,2,0,1,0,0,0,1,0,4,
20170511,47,465,4971,2,0,1,0,0,1,0,0,6,
20170511,47,458,4972,1,1,1,0,0,1,1,0,6,
20170511,47,573,4973,1,1,1,0,0,0,1,0,6,
20170511,47,538,4974,2,0,1,0,0,1,0,0,6,
20170511,47,394,4975,0,0,1,0,0,0,0,0,6,
20170511,47,485,4976,0,0,1,0,0,0,1,0,6,
20170511,46,462,4977,0,0,1,0,0,0,1,0,6,
20170511,46,590,4838,1,1,1,0,1,1,1,0,6,
20170511,46,398,4979,0,0,1,0,0,1,0,0,6,
20170511,46,436,4980,0,0,1,0,0,0,1,0,6,
20170511,46,431,4981,2,0,1,0,0,1,1,0,6,
20170511,46,375,4983,0,0,1,0,0,0,0,0,6,
20170511,46,266,4984,0,0,1,0,0,0,0,0,6,
20170511,46,390,4985,0,0,1,0,0,1,0,0,6,
20170511,46,369,4986,0,0,1,0,0,0,0,0,6,
20170511,46,396,4987,1,0,1,0,0,1,1,0,6,
20170511,46,551,4988,1,0,1,0,0,0,1,0,6,
20170511,46,438,4989,0,0,1,0,0,0,0,0,6,
20170511,46,371,4990,0,0,1,0,0,0,0,0,6,
20170511,46,403,4991,0,0,1,0,0,0,1,0,6,
20170511,46,286,4992,0,0,1,0,0,0,1,0,6,
20170511,46,475,4994,0,0,1,0,0,0,1,0,6,
20170511,46,453,4995,2,0,1,0,0,0,0,0,6,
20170511,46,373,4996,0,0,1,0,0,0,1,0,6,
20170511,46,635,4997,1,1,1,0,0,1,1,0,6,
20170511,46,521,4998,2,0,1,0,0,0,1,0,6,
20170511,46,369,4999,1,0,1,0,0,0,1,0,6,
20170511,46,535,5000,2,0,1,0,0,1,1,0,6,
20170511,46,665,5001,1,0,1,0,0,1,1,0,6,
20170511,46,463,5003,2,0,1,0,0,1,0,0,6,
20170511,46,398,5004,0,0,1,0,0,0,0,0,6,
20170511,45,495,5005,1,1,1,0,0,0,0,0,6,
20170511,45,521,5006,1,0,1,0,0,0,0,0,6,
20170511,45,377,5007,0,0,1,0,0,0,0,0,6,
20170511,45,393,5008,0,0,1,0,0,0,1,0,6,
20170511,45,442,5009,2,0,1,0,0,0,1,0,6,
20170511,45,276,5010,0,0,1,0,0,0,0,0,6,
20170511,45,358,5011,1,0,1,0,0,1,1,0,6,
20170511,45,384,5012,1,0,1,0,0,0,0,0,6,
20170511,45,363,5013,1,0,1,0,0,0,1,0,6,
20170511,45,423,5014,1,1,1,0,0,1,1,0,6,
20170511,45,396,5015,0,0,1,0,0,0,1,0,6,
20170511,45,466,0,2,0,1,0,0,0,0,1,6,
20170511,45,502,5016,2,0,1,0,0,0,0,0,6,
20170511,45,420,5017,0,0,1,0,0,1,1,0,6,
20170511,45,388,5018,0,0,1,0,0,1,1,0,6,
20170511,45,293,5019,0,0,1,0,0,0,0,0,6,
20170511,45,339,5020,0,0,1,0,0,0,1,0,6,
20170511,45,369,5021,0,0,1,0,0,1,0,0,6,
20170511,45,390,5022,0,0,1,0,0,0,1,0,6,
20170511,45,323,5023,0,0,1,0,0,0,1,0,6,
20170511,47,481,5283,0,0,1,0,0,1,1,0,7,
20170511,47,472,5285,0,0,1,0,0,0,0,0,7,
20170511,47,550,5286,1,1,1,0,0,1,1,0,7,
20170511,47,430,5287,0,0,1,0,0,1,0,0,7,
20170511,47,504,5288,1,1,1,0,0,0,1,0,7,
20170511,47,601,5289,1,1,1,0,0,1,1,0,7,
20170511,46,460,5290,0,0,1,0,0,1,1,0,7,
20170511,46,450,5291,0,0,1,0,0,1,1,0,7,
20170511,46,456,5292,1,1,1,0,0,1,1,0,7,
20170511,46,427,5293,0,0,1,0,0,0,1,0,7,
20170511,46,385,5294,0,0,1,0,0,0,0,0,7,
20170511,46,365,5295,0,0,1,0,0,0,0,0,7,
20170511,46,393,5296,0,0,1,0,0,0,1,0,7,
20170511,46,485,5297,1,1,1,0,0,1,1,0,7,
20170511,46,453,5298,0,0,1,0,0,0,1,0,7,
20170511,46,472,5299,1,1,1,0,0,1,1,0,7,
20170511,46,418,5300,0,0,1,0,0,1,1,0,7,
20170511,46,427,5301,0,0,1,0,0,0,1,0,7,
20170511,46,400,5302,0,0,1,0,0,0,1,0,7,
20170511,46,513,5303,0,0,1,0,0,1,1,0,7,
20170511,46,353,5304,0,0,1,0,0,0,1,0,7,
20170511,45,476,5305,0,0,1,0,0,0,0,0,7,
20170511,45,377,5306,0,0,1,0,0,1,1,0,7,
20170511,45,323,5307,0,0,1,0,0,0,0,0,7,
20170511,45,459,5308,1,1,1,0,0,0,1,0,7,
20170511,45,310,5309,0,0,1,0,0,0,0,0,7,
20170511,45,368,5310,0,0,1,0,0,1,1,0,7,
20170511,45,270,5311,0,0,1,0,0,0,0,0,7,
20170511,45,406,5312,0,0,1,0,0,0,1,0,7,
20170511,45,396,5313,0,0,1,0,0,0,0,0,7,
20170511,45,431,5314,0,0,1,0,0,1,1,0,7,
20170511,45,424,5315,0,0,1,0,0,0,1,0,7,
20170511,45,365,5316,0,0,1,0,0,0,0,0,7,
20170511,45,352,5317,0,0,1,0,0,1,1,0,7,
20170511,45,438,5318,1,0,1,0,0,0,1,0,7,
20170515,47,373,5319,0,0,1,0,0,1,1,0,7,
20170515,47,412,5320,0,0,1,0,0,1,0,0,7,
20170515,47,554,5321,2,0,1,0,0,0,1,0,7,
20170515,47,441,5322,0,0,1,0,0,0,1,0,7,
20170515,47,582,5323,1,0,1,0,0,1,1,0,7,
20170515,47,595,5324,1,1,1,0,0,1,1,0,7,
20170515,47,451,5325,1,1,1,0,0,1,1,0,7,
20170515,47,493,5326,1,1,1,0,0,1,1,0,7,
20170515,47,450,5327,0,0,1,0,0,0,0,0,7,
20170515,47,555,5328,1,1,1,0,0,0,0,0,7,
20170515,47,467,5329,1,1,1,0,0,1,1,0,7,
20170515,47,456,5330,0,0,1,0,0,0,0,0,7,
20170515,47,560,5331,1,1,1,0,0,1,1,0,7,
20170515,47,552,5332,2,1,1,0,0,1,1,0,7,
20170515,47,611,5333,1,1,1,0,0,1,1,0,7,
20170515,47,564,5334,1,1,1,0,0,1,1,0,7,
20170515,47,445,5335,1,1,1,0,0,1,0,0,7,
20170515,47,502,5336,1,1,1,0,0,1,0,0,7,
20170515,47,555,5337,2,0,1,0,0,0,1,0,7,
20170515,47,345,5338,0,0,1,0,0,0,1,0,7,
20170515,47,508,5339,1,1,1,0,0,1,1,0,7,
20170515,47,499,5340,1,1,1,0,0,1,1,0,7,
20170515,47,468,5341,0,0,1,0,0,0,0,0,7,
20170515,47,563,5342,2,0,1,0,0,1,1,0,7,
20170515,47,500,5026,2,0,1,0,0,0,0,0,7,
20170515,47,427,5027,0,0,1,0,0,0,0,0,7,
20170515,47,488,5028,0,0,1,0,0,0,0,0,7,
20170515,47,485,5029,1,1,1,0,0,0,1,0,7,
20170515,47,540,5030,1,1,1,0,0,0,1,0,7,
20170515,47,434,5031,1,1,1,0,0,0,0,0,7,
20170515,47,422,5032,1,1,1,0,0,0,1,0,7,
20170515,47,473,5033,0,0,1,0,0,0,1,0,7,
20170515,47,432,5034,2,0,1,0,0,1,0,0,7,
20170515,47,605,5035,1,1,1,0,0,0,1,0,7,
20170515,47,348,5036,0,0,1,0,0,0,0,0,7,
20170515,47,535,5037,2,0,1,0,0,1,0,0,7,
20170515,47,370,5038,0,0,1,0,0,0,1,0,7,
20170515,47,495,5039,0,0,1,0,0,0,0,0,7,
20170515,47,451,5040,1,1,1,0,0,0,1,0,7,
20170515,47,602,5041,1,1,1,0,0,1,1,0,7,
20170515,47,473,5042,1,1,1,0,0,0,1,0,7,
20170516,46,394,5043,0,0,1,0,0,0,1,0,4,
20170516,46,345,5044,0,0,1,0,0,1,0,0,4,
20170516,46,531,5045,2,0,1,0,0,0,0,0,4,
20170516,46,421,5046,1,1,1,0,0,0,1,0,4,
20170516,46,420,5047,2,0,1,0,0,0,1,0,4,
20170516,46,380,5048,1,1,1,0,0,0,1,0,4,
20170516,46,276,5050,0,0,1,0,0,0,0,0,4,
20170516,46,227,5049,0,0,1,0,0,0,0,0,4,
20170516,46,351,5051,0,0,1,0,0,0,0,0,4,
20170516,46,305,5052,0,0,1,0,0,0,0,0,4,
20170516,46,373,5053,0,0,1,0,0,1,0,0,4,
20170516,46,381,5054,0,0,1,0,0,1,1,0,4,
20170516,46,341,5055,0,0,1,0,0,1,0,0,4,
20170516,46,298,5056,0,0,1,0,0,0,0,0,4,
20170516,46,535,5057,1,0,1,0,0,0,1,0,4,
20170516,46,415,5058,0,0,1,0,0,0,1,0,4,
20170516,46,471,5059,0,0,1,0,0,0,1,0,4,
20170516,46,445,5060,0,0,1,0,0,1,1,0,4,
20170516,46,398,5061,0,0,1,0,0,1,0,0,4,
20170516,46,311,5062,0,0,1,0,0,0,0,0,4,
20170516,46,468,5063,2,0,1,0,0,0,0,0,4,
20170516,46,428,5064,2,0,1,0,0,1,0,0,4,
20170516,46,385,0,0,0,0,0,0,0,0,1,4,
20170516,46,390,5065,0,0,1,0,0,1,0,0,4,
20170516,46,497,5066,1,0,1,0,0,1,1,0,4,
20170516,46,394,5067,2,0,1,0,0,0,0,0,4,
20170516,46,265,5068,0,0,1,0,0,0,0,0,4,
20170516,46,473,5069,2,0,1,0,0,0,0,0,4,
20170516,46,469,5070,1,1,1,0,0,1,0,0,4,
20170516,46,317,5071,0,0,1,0,0,0,0,0,4,
20170516,46,484,5072,2,0,1,0,0,1,1,0,4,
20170516,46,487,5073,1,0,1,0,0,1,1,0,4,
20170516,46,453,5074,1,0,1,0,0,1,1,0,4,
20170516,46,486,5075,2,0,1,0,0,1,1,0,4,
20170516,46,391,5101,0,0,1,0,0,0,0,0,4,
20170516,46,383,5102,0,0,1,0,0,0,0,0,4,
20170516,46,451,5103,2,0,1,0,0,1,1,0,4,
20170516,46,305,5104,0,0,1,0,0,0,1,0,4,
20170516,46,353,5105,0,0,1,0,0,1,1,0,4,
20170516,46,343,5106,0,0,1,0,0,1,1,0,4,
20170516,46,540,5107,2,0,1,0,0,0,1,0,4,
20170516,46,364,5108,0,0,1,0,0,1,0,0,4,
20170516,46,364,5109,0,0,1,0,0,1,0,0,4,
20170516,46,501,5110,1,0,1,0,0,1,1,0,4,
20170516,46,394,5111,0,0,1,0,0,0,1,0,4,
20170516,46,427,5112,1,0,1,0,0,1,0,0,4,
20170516,46,288,5113,0,0,1,0,0,0,0,0,4,
20170516,46,453,5114,2,0,1,0,0,1,1,0,4,
20170516,46,527,5115,1,0,1,0,0,1,1,0,4,
20170516,46,492,5116,1,1,1,0,0,1,1,0,4,
20170516,46,465,5351,2,0,1,0,0,1,0,0,5,
20170516,46,490,5352,1,0,1,0,0,1,1,0,5,
20170516,46,524,5353,2,0,1,0,0,1,1,0,5,
20170516,46,407,5354,0,0,1,0,0,0,0,0,5,
20170516,46,386,5355,0,0,1,0,0,0,0,0,5,
20170516,46,522,5356,2,0,1,0,0,0,1,0,5,
20170516,46,396,5357,0,0,1,0,0,0,0,0,5,
20170516,46,440,5358,1,1,1,0,0,0,1,0,5,
20170516,46,367,5359,0,0,1,0,0,0,0,0,5,
20170516,46,531,5360,2,0,1,0,0,1,1,0,5,
20170516,46,634,5361,1,1,1,0,0,1,1,0,5,
20170516,46,346,5362,0,0,1,0,0,1,1,0,5,
20170516,46,456,5363,1,0,1,0,0,1,1,0,5,
20170516,46,510,5364,2,0,1,0,0,0,0,0,5,
20170516,46,557,5365,2,0,1,0,0,1,1,0,5,
20170516,46,420,5366,0,0,1,0,0,1,0,0,5,
20170516,46,368,5367,0,0,1,0,0,0,0,0,5,
20170516,46,482,5368,2,0,1,0,0,1,0,0,5,
20170516,46,583,5369,1,1,1,0,0,1,0,0,5,
20170516,46,417,5370,1,0,1,0,0,0,1,0,5,
20170516,46,539,5371,2,1,1,0,0,1,1,0,5,
20170516,46,295,5372,0,0,1,0,0,0,0,0,5,
20170516,46,442,5373,0,0,1,0,0,0,1,0,5,
20170516,46,554,5374,1,0,1,0,0,1,0,0,5,
20170516,46,530,5375,2,0,1,0,0,0,1,0,5,
20170516,46,468,5376,2,0,1,0,0,1,1,0,5,
20170516,46,391,5377,0,0,1,0,0,1,1,0,5,
20170516,46,445,5378,2,0,1,0,0,1,1,0,5,
20170516,46,510,5379,1,1,1,0,0,1,1,0,5,
20170516,46,388,5380,0,0,1,0,0,1,1,0,5,
20170516,46,380,5381,0,0,1,0,0,0,1,0,5,
20170516,46,571,5382,1,1,1,0,0,1,1,0,5,
20170516,46,413,5383,0,0,1,0,0,1,0,0,5,
20170516,46,450,5384,0,0,1,0,0,1,1,0,5,
20170516,46,459,5385,2,0,1,0,0,0,1,0,5,
20170516,46,476,5386,2,0,1,0,0,1,1,0,5,
20170516,46,444,5387,2,0,1,0,0,1,1,0,5,
20170516,46,368,5388,0,0,1,0,0,0,0,0,5,
20170516,46,493,5389,2,0,1,0,0,0,1,0,5,
20170516,46,414,5390,0,0,1,0,0,1,0,0,5,
20170516,46,372,5391,0,0,1,0,0,0,0,0,5,
20170516,46,529,5392,2,0,1,0,0,0,1,0,5,
20170516,46,427,5393,0,0,1,0,0,1,0,0,5,
20170516,46,379,5394,0,0,1,0,0,0,1,1,5,
20170516,46,387,5395,0,0,1,0,0,1,1,0,5,
20170516,46,270,5396,0,0,1,0,0,0,0,0,5,
20170516,46,510,5397,1,1,1,0,0,1,1,0,5,
20170516,46,482,5398,1,1,1,0,0,1,1,0,5,
20170516,46,310,5399,0,0,1,0,0,0,0,0,5,
20170516,46,466,5400,2,0,1,0,0,1,0,0,5,
20170516,46,552,5401,2,1,1,0,0,0,0,0,5,
20170516,46,451,5402,0,0,1,0,0,0,1,0,5,
20170517,45,363,5403,0,0,1,0,0,0,0,0,6,
20170517,45,290,5404,0,0,1,0,0,0,0,0,6,
20170517,45,495,5405,2,0,1,0,0,0,0,0,6,
20170517,45,415,5406,0,0,1,0,0,0,1,0,6,
20170517,45,515,5407,1,1,1,0,0,0,1,0,6,
20170517,45,390,5408,0,0,1,0,0,0,0,0,6,
20170517,45,275,5409,0,0,1,0,0,0,0,0,6,
20170517,45,360,5410,0,0,1,0,0,0,1,0,6,
20170517,45,300,5411,0,0,1,0,0,0,1,0,6,
20170517,45,500,5412,1,0,1,0,0,1,1,0,6,
20170517,45,565,5413,1,1,1,0,0,0,1,0,6,
20170517,45,330,5425,1,0,1,0,0,0,0,0,6,
20170517,45,426,5424,2,1,1,0,0,1,1,0,6,
20170517,45,395,5423,0,0,1,0,0,0,0,0,6,
20170517,45,354,5422,0,0,1,0,0,0,0,0,6,
20170517,45,357,5421,0,0,1,0,0,1,0,0,6,
20170517,45,383,5420,0,0,1,0,0,0,0,0,6,
20170517,45,290,5419,0,0,1,0,0,0,0,0,6,
20170517,45,355,5418,0,0,1,0,0,0,0,0,6,
20170517,45,340,5417,0,0,1,0,0,1,0,0,6,
20170517,45,550,4882,1,1,1,0,1,1,1,0,6,
20170517,45,505,5426,2,0,1,0,0,0,1,0,6,
20170517,45,368,5416,0,0,1,0,0,0,0,0,6,
20170517,45,366,5427,0,0,1,0,0,0,0,0,6,
20170517,45,247,5428,0,0,1,0,0,0,0,0,6,
20170517,45,610,5429,1,1,1,0,0,0,1,0,6,
20170517,45,490,5430,1,1,1,0,0,0,1,0,6,
20170517,45,348,5431,0,0,1,0,0,0,0,0,6,
20170517,45,355,5432,0,0,1,0,0,0,0,0,6,
20170517,45,370,5433,0,0,1,0,0,0,0,0,6,
20170517,45,369,5434,0,0,1,0,0,0,0,0,6,
20170517,45,413,5435,1,1,1,0,0,0,1,0,6,
20170517,45,427,5436,0,0,1,0,0,0,0,0,6,
20170517,45,382,5437,1,1,1,0,0,0,1,0,6,
20170517,45,295,5438,0,0,1,0,0,0,0,0,6,
20170517,45,338,5439,0,0,1,0,0,0,0,0,6,
20170517,45,500,0,2,0,1,0,0,0,0,1,6,
20170517,45,386,5440,0,0,1,0,0,1,0,0,6,
20170517,45,435,5441,2,1,1,0,0,0,0,0,6,
20170517,45,370,4807,0,0,1,0,1,0,1,0,6,
20170517,45,268,5442,0,0,1,0,0,0,0,0,6,
20170517,45,461,4920,2,0,1,0,1,0,1,0,6,
20170517,45,258,5443,0,0,1,0,0,0,0,0,6,
20170517,45,343,5445,0,0,1,0,0,0,0,0,6,
20170517,45,334,5444,0,0,1,0,0,0,0,0,6,
20170517,45,336,5117,0,0,1,0,0,0,1,0,5,
20170517,45,426,5118,0,0,1,0,0,1,0,0,5,
20170517,45,312,5119,0,0,1,0,0,1,0,0,5,
20170517,45,461,5120,2,0,1,0,0,1,1,0,5,
20170517,45,234,5121,0,0,1,0,0,1,1,0,5,
20170517,45,336,5122,0,0,1,0,0,0,0,0,5,
20170517,45,391,5123,2,0,1,0,0,0,1,0,5,
20170517,45,441,5124,2,0,1,0,0,1,1,0,5,
20170517,45,288,5125,0,0,1,0,0,0,1,0,5,
20170517,45,336,5126,0,0,1,0,0,0,0,0,5,
20170517,45,295,5127,0,0,1,0,0,0,1,0,5,
20170517,45,363,5128,0,0,1,0,0,1,1,0,5,
20170517,45,290,5129,0,0,1,0,0,1,0,0,5,
20170517,45,404,5130,0,0,1,0,0,0,0,0,5,
20170517,45,291,5131,0,0,1,0,0,0,0,0,5,
20170517,45,423,5132,2,0,1,0,0,1,1,0,5,
20170517,45,507,5133,2,0,1,0,0,1,1,1,5,
20170517,45,438,5134,1,0,1,0,0,0,0,0,5,
20170517,45,303,5135,0,0,1,0,0,0,0,0,5,
20170517,45,316,5136,0,0,1,0,0,1,0,0,5,
20170517,45,345,5137,0,0,1,0,0,0,0,0,5,
20170517,45,254,5138,0,0,1,0,0,0,0,0,5,
20170517,45,381,5139,0,0,1,0,0,0,1,0,5,
20170517,45,250,5140,0,0,1,0,0,0,0,0,5,
20170517,45,483,5141,2,0,1,0,0,0,0,0,5,
20170517,45,416,5142,2,0,1,0,0,0,0,0,5,
20170517,45,523,5143,2,0,1,0,0,0,0,0,5,
20170517,45,287,5144,0,0,1,0,0,0,0,0,5,
20170517,45,563,5145,1,1,1,0,0,0,0,0,5,
20170517,45,422,5146,2,0,1,0,0,0,0,0,5,
20170517,45,382,5148,1,0,1,0,0,0,0,0,5,
20170517,45,474,5149,2,0,1,0,0,0,0,0,5,
20170517,45,390,4851,0,0,1,0,0,0,0,0,5,
20170517,45,422,4852,0,0,1,0,0,0,0,0,5,
20170517,45,520,5188,1,0,1,0,1,0,0,0,5,
20170517,45,368,4853,0,0,1,0,0,0,0,0,5,
20170517,45,0,4877,0,0,1,0,1,0,0,0,5,
20170517,45,389,4854,0,0,1,0,0,0,0,0,5,
20170517,45,418,4855,1,0,1,0,0,0,0,0,5,
20170517,45,404,4856,1,1,1,0,0,0,0,0,5,
20170517,45,375,4857,0,0,1,0,0,0,0,0,5,
20170517,45,302,4858,0,0,1,0,0,0,0,0,5,
20170517,45,371,4859,0,0,1,0,0,0,0,0,5,
20170517,45,292,4860,0,0,1,0,0,0,0,0,5,
20170517,45,275,4861,0,0,1,0,0,0,0,0,5,
20170517,45,315,4862,0,0,1,0,0,0,0,0,5,
20170517,45,373,4863,0,0,1,0,0,0,0,0,5,
20170517,45,322,4864,0,0,1,0,0,0,0,0,5,
20170517,45,361,4865,1,0,1,0,0,0,0,0,5,
20170517,45,403,4866,0,0,1,0,0,0,0,0,5,
20170517,45,296,4867,0,0,1,0,0,0,0,0,5,
20170517,45,278,4868,0,0,1,0,0,0,0,0,5,
20170517,45,304,4869,0,0,1,0,0,0,1,0,5,
20170517,45,456,4870,1,0,1,0,0,1,1,0,5,
20170517,45,372,4871,0,0,1,0,0,0,1,0,5,
20170517,45,313,4872,0,0,1,0,0,0,1,0,5,
20170517,45,279,4873,0,0,1,0,0,1,0,0,5,
20170517,45,262,4874,0,0,1,0,0,0,0,0,5,
20170517,45,305,4875,0,0,1,0,0,0,1,0,5,
20170517,45,306,5501,0,0,1,0,0,1,0,0,5,
20170517,45,406,5502,2,0,1,0,0,1,1,0,5,
20170517,45,394,5503,2,0,1,0,0,0,1,0,5,
20170517,45,341,5504,0,0,1,0,0,0,0,0,5,
20170517,45,413,5505,2,0,1,0,0,0,1,0,5,
20170517,45,350,5506,0,0,1,0,0,1,0,0,5,
20170517,45,439,5507,2,0,1,0,0,1,0,0,5,
20170517,45,251,5508,0,0,1,0,0,0,0,0,5,
20170518,47,425,5509,0,0,1,0,0,1,0,0,4,
20170518,47,380,5510,0,0,1,0,0,0,1,0,4,
20170518,47,472,5511,0,0,1,0,0,1,1,0,4,
20170518,47,505,5512,1,1,1,0,0,1,1,0,4,
20170518,46,382,5513,0,0,1,0,0,0,0,0,4,
20170518,46,405,5514,0,0,1,0,0,0,0,0,4,
20170518,46,292,5515,0,0,1,0,0,1,0,0,4,
20170518,46,287,5516,0,0,1,0,0,0,1,0,4,
20170518,46,244,5517,0,0,1,0,0,0,0,0,4,
20170518,46,317,5518,0,0,1,0,0,0,0,0,4,
20170518,46,405,5519,0,0,1,0,0,0,0,0,4,
20170518,46,443,5520,1,0,1,0,0,1,0,0,4,
20170518,46,478,5521,2,0,1,0,0,0,0,0,4,
20170518,46,467,5522,0,0,1,0,0,0,1,0,4,
20170518,46,420,5523,0,0,1,0,0,0,1,0,4,
20170518,46,515,5524,2,0,1,0,0,0,1,0,4,
20170518,46,488,5525,1,1,1,0,0,0,0,0,4,
20170518,46,310,5526,0,0,1,0,0,0,0,0,4,
20170518,46,655,5527,1,1,1,0,0,1,1,0,4,
20170518,45,485,5528,0,0,1,0,0,0,1,0,4,
20170518,45,360,5529,0,0,1,0,0,0,1,0,4,
20170518,45,310,5530,0,0,1,0,0,0,0,0,4,
20170518,45,265,5531,0,0,1,0,0,0,0,0,4,
20170518,45,539,5532,0,0,1,0,0,0,1,0,4,
20170518,45,480,5533,0,0,1,0,0,1,0,1,4,
20170518,45,405,5534,0,0,1,0,0,0,1,0,4,
20170518,45,349,5535,0,0,1,0,0,1,1,0,4,
20170518,45,477,5536,1,1,1,0,0,1,0,0,4,
20170518,45,325,5537,0,0,1,0,0,0,0,0,4,
20170518,45,405,5538,0,0,1,0,0,0,1,0,4,
20170518,45,356,5539,0,0,1,0,0,1,0,0,4,
20170518,45,436,5540,0,0,1,0,0,0,1,0,4,
20170518,45,290,4969,0,0,1,0,1,,,,4,
20170518,45,373,5541,0,0,1,0,0,1,1,0,4,
20170518,45,335,5542,0,0,1,0,0,0,0,0,4,
20170518,45,318,5543,0,0,1,0,0,0,1,0,4,
20170518,45,334,5544,0,0,1,0,0,1,0,0,4,
20170518,45,423,5545,2,0,1,0,0,1,1,0,4,
20170518,45,421,5546,0,0,1,0,0,0,1,0,4,
20170518,45,282,5547,0,0,1,0,0,0,1,0,4,
20170518,45,454,5548,0,0,1,0,0,0,1,0,4,
20170518,47,457,5343,2,0,1,0,0,0,1,0,6,490
20170518,47,480,5344,1,0,1,0,0,0,1,0,6,499
20170518,47,554,5345,1,1,1,0,0,1,1,0,6,597
20170518,47,378,5346,2,0,1,0,0,0,1,0,6,402
20170518,47,455,5347,1,1,1,0,0,0,1,0,6,474
20170518,46,326,5348,2,0,1,0,0,0,0,0,6,356
20170518,46,478,5349,1,1,1,0,0,1,0,0,6,505
20170518,46,409,5350,2,0,1,0,0,0,0,0,6,431
20170518,46,392,5446,2,0,1,0,0,0,0,0,6,414
20170518,46,361,5447,2,0,1,0,0,0,1,0,6,379
20170518,46,439,5448,2,0,1,0,0,0,1,0,6,461
20170518,46,395,5449,0,0,1,0,0,1,1,0,6,424
20170518,46,385,5450,1,0,1,0,0,0,0,0,6,411
20170518,46,292,5451,0,0,1,0,0,0,0,0,6,313
20170518,46,381,5452,0,0,1,0,0,0,0,0,6,401
20170518,46,304,5453,0,0,1,0,0,0,1,0,6,325
20170518,46,395,5454,0,0,1,0,0,1,0,0,6,412
20170518,46,624,5455,1,1,1,0,0,0,1,0,6,645
20170518,46,390,5456,0,0,1,0,0,0,1,0,6,415
20170518,45,304,5457,0,0,1,0,0,0,0,0,6,320
20170518,45,316,5458,0,0,1,0,0,0,0,0,6,337
20170518,45,300,5459,0,0,1,0,0,0,0,0,6,316
20170518,45,323,5460,0,0,1,0,0,0,0,0,6,340
20170518,45,316,5461,0,0,1,0,0,0,0,0,6,327
20170518,45,297,0,0,0,0,0,0,0,0,1,6,312
20170518,45,509,5462,2,0,1,0,0,1,0,0,6,521
20170518,45,256,5463,0,0,1,0,0,0,0,0,6,268
20170518,45,360,5464,0,0,1,0,0,1,0,0,6,374
20170518,45,440,5465,0,0,1,0,0,1,0,0,6,462
20170518,45,345,5466,0,0,1,0,0,0,0,0,6,367
20170518,45,290,5467,0,0,1,0,0,0,0,0,6,305
20170518,45,397,5468,0,0,1,0,0,1,1,0,6,415
20170518,45,265,5469,0,0,1,0,0,0,0,0,6,277
20170518,45,375,5470,0,0,1,0,0,0,0,0,6,394
20170518,45,297,5472,0,0,1,0,0,0,0,0,6,305
20170518,45,358,5473,0,0,1,0,0,0,1,0,6,376
20170518,45,402,5474,0,0,1,0,0,0,1,0,6,420
20170518,45,379,5475,0,0,1,0,0,0,1,0,6,399
20170522,47,333,5476,0,0,1,0,0,0,0,0,5,
20170522,47,430,5478,1,1,1,0,0,0,1,0,5,
20170522,47,525,5479,0,0,1,0,0,1,1,0,5,
20170522,47,524,5480,1,1,1,0,0,1,1,0,5,
20170522,47,565,5481,1,1,1,0,0,1,1,0,5,
20170522,47,524,5482,2,0,1,0,0,0,1,0,5,
20170522,47,408,5483,0,0,1,0,0,1,1,0,5,
20170522,47,515,5484,2,0,1,0,0,1,1,0,5,
20170522,47,466,5485,2,1,1,0,0,1,1,0,5,
20170522,47,456,5486,0,0,1,0,0,1,1,0,5,
20170522,47,505,5487,1,0,1,0,0,1,1,0,5,
20170522,47,346,5488,0,0,1,0,0,0,0,0,5,
20170522,47,483,5489,1,1,1,0,0,0,1,0,5,
20170522,47,477,5490,2,0,1,0,0,0,1,0,5,
20170522,47,426,5491,0,0,1,0,0,1,0,0,5,
20170522,47,444,5492,0,0,1,0,0,1,0,0,5,
20170522,47,500,5493,1,1,1,0,0,1,1,0,5,
20170522,47,425,5494,1,1,1,0,0,1,0,0,5,
20170522,47,492,5495,0,0,1,0,0,1,1,0,5,
20170522,47,578,5496,1,1,1,0,0,0,1,0,5,
20170522,47,506,5497,1,1,1,0,0,1,1,0,5,
20170522,47,0,5326,1,1,1,0,1,,,0,5,
20170522,47,489,5498,2,0,1,0,0,0,1,0,5,
20170522,47,510,5499,2,0,1,0,0,0,0,0,5,
20170522,47,541,5500,0,0,1,0,0,1,1,0,5,
20170522,47,490,5601,2,0,1,0,0,0,1,0,5,
20170522,47,456,5603,0,0,1,0,0,0,1,0,5,
20170522,47,365,5549,2,0,1,0,0,0,0,0,5,
20170522,47,440,5550,1,0,1,0,0,0,0,0,5,
20170522,47,500,5551,2,0,1,0,0,1,1,0,5,
20170522,47,438,5552,1,0,1,0,0,1,0,0,5,
20170522,47,440,5553,0,0,1,0,0,1,0,0,5,
20170522,47,403,5554,1,0,1,0,0,0,0,0,5,
20170522,47,490,5555,2,0,1,0,0,1,0,0,5,
20170522,47,482,5556,1,1,1,0,0,1,1,0,5,
20170522,47,460,5557,2,0,1,0,0,0,0,0,5,
20170522,47,475,5558,1,1,1,0,0,1,1,0,5,
20170522,47,415,5559,2,0,1,0,0,1,1,0,5,
20170522,47,291,5560,0,0,1,0,0,0,0,0,5,
20170522,47,400,5561,0,0,1,0,0,0,0,0,5,
20170522,47,401,5562,1,1,1,0,0,1,1,0,5,
20170522,47,430,5563,1,1,1,0,0,1,1,0,5,
20170522,47,389,5564,2,0,1,0,0,0,1,0,5,
20170522,47,260,5565,0,0,1,0,0,0,0,0,5,
20170522,47,430,5566,0,0,1,0,0,0,0,0,5,
20170522,47,362,5567,1,1,1,0,0,0,0,0,5,
20170522,47,520,5568,2,0,1,0,0,1,1,0,5,
20170522,47,458,5569,2,0,1,0,0,1,1,0,5,
20170522,47,376,5570,0,0,1,0,0,1,0,0,5,
20170522,47,345,5571,0,0,1,0,0,0,0,0,5,
20170522,47,582,5572,1,0,1,0,0,1,1,0,5,
20170522,47,590,5574,1,0,1,0,0,1,0,0,5,
20170523,46,565,5604,2,0,1,0,0,0,1,0,7,
20170523,46,380,5605,0,0,1,0,0,0,1,0,7,
20170523,46,310,5606,0,0,1,0,0,0,0,0,7,
20170523,46,465,5607,0,0,1,0,0,0,1,0,7,
20170523,46,362,5608,0,0,1,0,0,0,0,0,7,
20170523,46,412,5609,0,0,1,0,0,0,0,0,7,
20170523,46,363,5610,0,0,1,0,0,0,1,0,7,
20170523,46,484,5611,1,0,1,0,0,1,1,0,7,
20170523,46,482,5612,2,0,1,0,0,0,0,0,7,
20170523,46,405,5613,0,0,1,0,0,0,1,0,7,
20170523,46,482,5614,0,0,1,0,0,1,1,0,7,
20170523,46,431,5615,0,0,1,0,0,0,1,0,7,
20170523,46,530,5616,0,0,1,0,0,1,1,0,7,
20170523,46,400,5617,1,1,1,0,0,0,0,0,7,
20170523,46,582,5618,2,0,1,0,0,1,0,0,7,
20170523,46,570,5619,2,0,1,0,0,1,1,0,7,
20170523,46,500,5620,2,1,1,0,0,1,1,0,7,
20170523,46,525,5621,2,0,1,0,0,0,1,0,7,
20170523,46,430,5622,0,0,1,0,0,0,1,0,7,
20170523,46,390,5623,0,0,1,0,0,0,1,0,7,
20170523,46,421,5624,0,0,1,0,0,0,1,0,7,
20170523,46,478,5625,1,0,1,0,0,0,0,0,7,
20170523,46,506,5626,2,0,1,0,0,1,1,0,7,
20170523,46,531,5627,2,0,1,0,0,0,1,0,7,
20170523,46,415,5628,0,0,1,1,1,1,1,0,7,
20170523,46,364,5629,0,0,1,0,0,1,1,0,7,
20170523,46,433,5630,0,0,1,0,0,1,1,0,7,
20170523,46,415,5631,0,0,1,0,0,1,1,0,7,
20170523,46,330,5632,0,0,1,0,0,1,0,0,7,
20170523,46,365,5633,0,0,1,0,0,1,1,0,7,
20170523,46,360,5634,0,0,1,0,0,1,1,0,7,
20170523,46,421,5636,0,0,1,0,0,0,1,0,7,
20170523,46,422,5637,2,0,1,0,0,1,0,0,7,
20170523,46,378,5638,0,0,1,0,0,1,1,0,7,
20170523,46,453,5639,2,0,1,0,0,0,1,0,7,
20170523,46,454,5640,0,0,1,0,0,1,1,0,7,
20170523,46,378,5641,0,0,1,0,0,1,1,0,7,
20170523,46,410,5642,0,0,1,0,0,0,1,0,7,
20170523,46,379,5643,0,0,1,0,0,1,1,0,7,
20170523,46,411,5644,0,0,1,0,0,0,1,0,7,
20170523,46,265,5645,0,0,1,0,0,0,0,0,7,
20170523,46,360,5646,0,0,1,0,0,1,1,0,7,
20170523,46,515,5647,2,0,1,0,0,1,1,0,7,
20170523,46,516,5648,2,0,1,0,0,1,1,0,7,
20170523,46,383,5649,1,1,1,0,0,1,1,0,7,
20170523,46,369,5650,0,0,1,0,0,1,1,0,7,
20170523,46,450,5635,2,0,1,0,0,0,1,0,7,
20170523,46,490,5652,2,0,1,0,0,0,1,0,7,
20170523,46,427,4819,0,0,1,0,1,1,0,0,7,
20170523,46,390,5651,0,0,1,0,0,1,0,0,7,
20170523,46,323,5653,0,0,1,0,0,1,1,0,7,
20170523,46,294,5654,0,0,1,0,0,0,1,0,7,
20170523,46,410,5655,0,0,1,0,0,1,0,0,7,
20170523,46,371,5656,0,0,1,0,0,0,1,0,7,
20170523,46,435,5657,2,0,1,0,0,0,0,0,7,
20170523,46,448,5195,2,0,1,0,1,1,1,0,7,
20170523,46,459,5658,0,0,1,0,0,0,1,0,7,
20170523,46,463,5659,2,0,1,0,0,0,1,0,7,
20170523,46,422,5660,0,0,1,0,0,0,1,0,7,
20170523,46,415,5661,2,0,1,0,0,1,1,0,7,
20170523,46,400,5662,0,0,1,0,0,0,1,0,7,
20170523,46,411,5663,2,0,1,0,0,0,1,0,7,
20170523,46,471,5664,2,0,1,0,0,1,0,0,7,
20170523,46,393,5665,0,0,1,0,0,1,1,0,7,
20170523,46,456,5666,2,0,1,0,0,1,1,0,7,
20170523,46,356,5667,0,0,1,0,0,1,0,0,7,
20170523,46,429,5668,2,0,1,0,0,1,0,0,7,
20170523,46,329,5575,0,0,1,0,0,0,1,0,5,341
20170523,46,416,5576,1,1,1,0,0,0,1,0,5,434
20170523,46,371,5577,0,0,1,0,0,1,1,0,5,383
20170523,46,256,5578,0,0,1,0,0,0,0,0,5,270
20170523,46,263,5579,0,0,1,0,0,0,1,0,5,283
20170523,46,359,5580,0,0,1,0,0,0,1,0,5,381
20170523,46,488,5581,1,0,1,0,0,1,0,0,5,499
20170523,46,404,5582,1,0,1,0,0,1,0,0,5,428
20170523,46,451,5583,2,0,1,0,0,1,1,0,5,474
20170523,46,413,5584,0,0,1,0,0,1,0,0,5,431
20170523,46,281,5585,0,0,1,0,0,0,0,0,5,293
20170523,46,417,5586,1,1,1,0,0,1,1,0,5,435
20170523,46,371,5587,1,0,1,0,0,1,0,0,5,402
20170523,46,403,5588,0,0,1,0,0,0,1,0,5,424
20170523,46,434,5589,2,0,1,0,0,0,0,0,5,458
20170523,46,0,4838,1,1,1,0,1,0,0,0,5,
20170523,46,416,5590,2,0,1,0,0,1,0,0,5,430
20170523,46,373,5591,1,0,1,0,0,0,0,0,5,391
20170523,46,490,5592,2,0,1,0,0,0,0,0,5,505
20170523,46,595,5593,2,1,1,0,0,1,1,0,5,623
20170523,46,330,5594,0,0,1,0,0,1,1,0,5,352
20170523,46,0,4815,0,0,1,0,1,,,0,5,
20170523,46,380,5595,0,0,1,0,0,0,0,0,5,398
20170523,46,377,5596,0,0,1,0,0,1,1,0,5,396
20170523,46,499,5597,2,1,1,0,0,0,0,0,5,522
20170523,46,355,5598,0,0,1,0,0,1,0,0,5,376
20170523,46,413,5599,1,0,1,0,0,1,1,0,5,435
20170523,46,462,5600,2,0,1,0,0,1,0,0,5,487
20170523,46,422,5701,2,0,1,0,0,1,1,0,5,435
20170523,46,393,5702,0,0,1,0,0,1,1,0,5,409
20170523,46,0,5522,0,0,1,0,1,1,,1,5,
20170523,46,523,5503,2,0,1,0,1,1,1,0,5,540
20170523,46,540,5703,2,0,1,0,0,1,1,0,5,562
20170523,46,389,5704,0,0,1,0,0,1,0,0,5,410
20170523,46,611,5705,2,0,1,0,0,1,0,0,5,635
20170523,46,533,5706,1,1,1,0,0,1,1,0,5,552
20170523,46,348,5707,0,0,1,0,0,1,0,0,5,371
20170523,46,343,5070,1,1,1,0,1,1,0,0,5,
20170523,46,343,5708,0,0,1,0,0,1,0,0,5,357
20170523,46,383,5709,0,0,1,0,0,1,0,0,5,407
20170523,46,443,5710,2,0,1,0,0,1,1,0,5,467
20170523,46,539,5711,1,1,0,0,0,1,1,0,5,563
20170523,46,309,5712,1,0,1,0,0,0,0,0,5,323
20170523,46,362,5713,0,0,1,0,0,0,0,0,5,384
20170523,46,490,5714,1,0,1,0,0,1,0,0,5,509
20170523,46,442,5715,1,1,1,0,0,1,0,0,5,464
20170523,46,427,5716,2,0,1,0,0,0,0,0,5,444
20170523,46,559,5717,1,1,1,0,0,1,1,0,5,585
20170523,46,463,5718,1,0,1,0,0,1,1,0,5,487
20170523,46,324,5719,0,0,1,0,0,0,0,0,5,339
20170524,45,368,5669,0,0,1,0,0,1,0,0,4,386
20170524,45,0,4879,0,0,1,0,1,,,,4,
20170524,45,330,5670,2,0,1,0,0,1,1,1,4,352
20170524,45,462,5671,0,0,1,0,0,0,0,0,4,491
20170524,45,292,5672,0,0,1,0,0,0,0,1,4,311
20170524,45,412,5673,0,0,1,0,0,1,1,1,4,432
20170524,45,463,5675,0,0,1,0,0,0,0,0,4,494
20170524,45,385,5676,0,0,1,0,0,1,1,0,4,407
20170524,45,387,5677,0,0,1,0,0,0,0,0,4,403
20170524,45,274,5678,0,0,1,0,0,0,0,0,4,293
20170524,45,383,5679,0,0,1,0,0,1,1,0,4,408
20170524,45,416,5680,0,0,1,0,0,1,1,1,4,441
20170524,45,374,5681,0,0,1,0,0,1,1,0,4,394
20170524,45,371,5682,0,0,1,0,0,1,1,1,4,396
20170524,45,394,5683,0,0,1,0,0,0,0,0,4,416
20170524,45,427,5684,0,0,1,0,0,0,0,1,4,458
20170524,45,597,5685,1,1,1,0,0,1,1,1,4,616
20170524,45,313,5686,0,0,1,0,0,0,0,1,4,333
20170524,45,335,5687,0,0,1,0,0,0,0,0,4,356
20170524,45,305,5688,0,0,1,0,0,1,1,1,4,326
20170524,45,406,5689,0,0,1,0,0,1,1,0,4,427
20170524,45,295,5690,0,0,1,0,0,0,0,0,4,314
20170524,45,413,5691,0,0,1,0,0,0,0,0,4,437
20170524,45,407,5692,0,0,1,0,0,0,0,1,4,427
20170524,45,388,5693,0,0,1,0,0,1,1,0,4,409
20170524,45,406,5694,0,0,1,0,0,1,1,0,4,432
20170524,45,390,0,0,0,1,0,0,,,1,4,
20170524,45,532,5695,2,0,1,0,0,1,1,0,4,554
20170524,45,337,5696,0,0,1,0,0,0,1,0,4,359
20170524,45,284,5697,0,0,1,0,0,0,0,0,4,304
20170524,45,448,5698,1,0,1,0,0,1,0,0,4,467
20170524,45,372,5699,0,0,1,0,0,0,1,0,4,394
20170524,45,473,5700,1,1,1,0,0,1,1,0,4,497
20170524,45,341,5801,0,0,1,0,0,0,1,0,4,359
20170524,45,382,5803,0,0,1,0,0,0,0,0,4,405
20170524,45,482,5802,2,0,1,0,0,1,1,0,4,509
20170524,45,290,5804,0,0,1,0,0,0,0,0,4,308
20170524,45,236,5805,0,0,1,0,0,0,1,0,4,251
20170524,45,277,5806,0,0,1,0,0,0,0,0,4,295
20170524,45,445,5807,2,0,1,0,0,0,0,0,4,469
20170524,45,266,5808,0,0,1,0,0,0,0,0,4,283
20170524,45,282,5809,0,0,1,0,0,1,0,0,4,300
20170524,45,233,5810,0,0,1,0,0,0,0,0,4,247
20170524,45,445,5811,0,0,1,0,0,0,1,0,4,469
20170524,45,305,5813,0,0,1,0,0,0,1,0,4,326
20170524,45,253,5815,0,0,1,0,0,1,0,0,4,271
20170524,45,374,5816,1,1,1,0,0,0,1,0,4,396
20170524,45,329,5817,0,0,1,0,0,0,0,0,4,349
20170524,45,475,5819,2,0,1,0,0,1,0,0,4,502
20170524,45,313,5823,0,0,1,0,0,0,0,0,4,333
20170524,45,476,5824,0,0,1,0,0,0,0,0,4,485
20170524,45,252,5825,0,0,1,0,0,1,0,0,4,260
20170524,45,370,5826,0,0,1,0,0,1,0,0,4,384
20170524,45,400,5827,0,0,1,0,0,1,1,0,4,422
20170524,45,261,5828,0,0,1,0,0,0,1,0,4,276
20170524,45,396,5829,0,0,1,0,0,0,0,0,4,419
20170524,45,313,5830,0,0,1,0,0,1,0,0,4,331
20170524,45,422,5831,0,0,1,0,0,0,1,0,4,446
20170524,45,338,5832,0,0,1,0,0,0,1,0,4,357
20170524,45,280,5833,0,0,1,0,0,0,0,0,4,296
20170524,45,247,5834,0,0,1,0,0,0,0,0,4,265
20170524,45,0,4812,0,0,1,0,1,,,0,4,
20170524,45,285,5835,0,0,1,0,0,0,0,0,4,302
20170524,45,333,5836,0,0,1,0,0,0,1,0,4,346
20170524,45,307,5837,0,0,1,0,0,1,0,0,4,327
20170524,45,632,5838,2,1,1,0,0,1,1,0,4,641
20170524,45,255,5839,0,0,1,0,0,0,0,0,4,267
20170524,45,271,5840,0,0,1,0,0,0,0,0,4,285
20170524,45,388,5842,0,0,1,0,0,1,0,0,4,409
20170524,45,418,5720,0,0,1,0,0,1,0,0,4,
20170524,45,341,5722,0,0,1,0,0,0,1,0,4,
20170524,45,339,5723,0,0,1,0,0,1,1,0,4,
20170524,45,428,5724,2,0,1,0,0,1,1,0,4,
20170524,45,472,5725,2,0,1,0,0,1,0,0,4,
20170524,45,311,5726,0,0,1,0,0,0,0,0,4,
20170524,45,459,5727,1,0,1,0,0,0,1,0,4,
20170524,45,409,5728,0,0,1,0,0,1,1,0,4,
20170524,45,450,5729,1,0,1,0,0,1,0,0,4,
20170524,45,270,5730,0,0,1,0,0,1,1,0,4,
20170524,45,464,5277,,,1,0,1,,,0,4,
20170524,45,409,5731,0,0,1,0,0,0,1,0,4,
20170524,45,377,5732,0,0,1,0,0,0,0,0,4,
20170524,45,394,5733,2,0,1,0,0,0,1,0,4,
20170524,45,440,5734,1,0,1,0,0,1,1,0,4,
20170524,45,430,5735,1,0,1,0,0,0,1,0,4,
20170524,45,421,5736,2,0,1,0,0,0,1,0,4,
20170524,45,319,5737,0,0,1,0,0,1,0,0,4,
20170524,45,409,5738,1,0,1,0,0,1,0,0,4,
20170524,45,269,5739,0,0,1,0,0,0,0,0,4,
20170524,45,386,5740,0,0,1,0,0,0,1,0,4,
20170524,45,462,5741,2,0,1,0,0,1,1,0,4,
20170524,45,419,5742,1,0,1,0,0,1,0,0,4,
20170524,45,462,5743,2,0,1,0,0,0,1,0,4,
20170524,45,293,5745,0,0,1,0,0,1,0,0,4,
20170524,45,0,4918,,,1,0,1,,,,4,
20170524,45,284,5746,0,0,1,0,0,0,0,0,4,
20170524,45,458,5747,2,0,1,0,0,0,0,0,4,
20170524,45,269,5748,0,0,1,0,0,0,0,0,4,
20170524,45,307,5749,0,0,1,0,0,0,0,0,4,
20170524,45,336,5750,0,0,1,0,0,0,0,0,4,
20170524,45,378,5751,1,0,1,0,0,0,0,0,4,
20170524,45,400,5752,2,0,1,0,0,1,0,0,4,
20170524,45,360,5753,0,0,1,0,0,0,0,0,4,
20170524,45,318,5754,0,0,1,0,0,1,0,0,4,
20170524,45,0,4925,,,1,0,1,0,0,0,4,
20170524,45,530,5755,1,0,1,0,0,0,0,0,4,
20170524,45,600,5756,2,0,1,0,0,1,0,0,4,
20170524,45,0,5349,,,1,0,1,,,,4,
20170524,45,318,5757,0,0,1,0,0,0,0,0,4,
20170524,45,578,5758,1,1,1,0,0,1,0,0,4,
20170524,45,330,5759,0,0,1,0,0,0,0,0,4,
20170524,45,651,5760,1,1,1,0,0,1,0,0,4,
20170524,45,432,5761,2,1,1,0,0,0,0,0,4,
20170524,45,613,5762,1,1,1,0,0,1,0,0,4,
20170524,45,386,5763,0,0,1,0,0,1,0,0,4,
20170524,45,275,5764,0,0,1,0,0,0,0,0,4,
20170524,45,259,5765,0,0,1,0,0,0,0,0,4,
20170524,45,487,5766,2,0,1,0,0,0,0,0,4,
20170524,45,371,5767,0,0,1,0,0,1,0,0,4,
20170524,45,0,5540,,,1,0,1,,,0,4,
20170524,45,474,5768,2,0,1,0,0,0,1,0,4,
20170524,45,360,5769,0,0,1,0,0,1,0,0,4,
20170524,45,448,5770,0,0,1,0,0,0,0,0,4,
20170524,45,230,5771,0,0,1,0,0,0,1,0,4,
20170524,45,296,5772,0,0,1,0,0,0,0,0,4,
20170524,45,275,5773,0,0,1,0,0,0,0,0,4,
20170524,45,358,5774,0,0,1,0,0,1,0,0,4,
20170524,45,508,5775,1,1,1,0,0,1,0,0,4,
20170524,45,372,5776,1,0,1,0,0,0,1,0,4,
20170524,45,464,5777,1,0,1,0,0,0,1,0,4,
20170525,47,379,5778,1,1,1,0,0,0,0,0,4,402
20170525,47,619,5779,1,1,1,0,0,1,1,0,4,642
20170525,47,554,5780,2,1,1,0,0,1,1,0,4,586
20170525,47,452,5781,1,0,1,0,0,1,1,0,4,477
20170525,47,631,5782,1,1,1,0,0,1,1,0,4,662
20170525,47,480,5783,1,1,1,0,0,1,1,0,4,496
20170525,47,669,5784,1,1,1,0,0,1,1,0,4,701
20170525,47,588,5785,1,1,1,0,0,0,1,0,4,609
20170525,47,481,5786,2,0,1,0,0,1,1,0,4,509
20170525,47,622,5787,2,1,1,0,0,1,1,0,4,654
20170525,47,495,5788,2,0,1,0,0,0,0,0,4,
20170525,47,495,5789,1,1,1,0,0,0,1,0,4,520
20170525,46,435,5790,2,0,1,0,0,1,1,0,4,456
20170525,46,418,5791,2,0,1,0,0,0,1,0,4,429
20170525,46,345,5792,0,0,1,0,0,1,1,0,4,360
20170525,46,398,5793,2,0,1,0,0,1,1,0,4,419
20170525,46,271,5794,0,0,1,0,0,0,0,0,4,286
20170525,46,390,5795,0,0,1,0,0,1,1,0,4,407
20170525,46,380,0,0,0,0,0,0,0,1,0,4,404
20170525,46,486,5796,1,1,1,0,0,1,1,0,4,509
20170525,46,534,5797,1,1,1,0,0,1,1,0,4,557
20170525,46,310,5798,0,0,1,0,0,1,1,0,4,324
20170525,46,484,5799,2,0,1,0,0,1,1,0,4,
20170525,46,464,5800,1,1,1,0,0,1,1,0,4,488
20170525,46,266,5901,0,0,1,0,0,0,0,0,4,282
20170525,46,392,5902,1,1,1,0,0,0,1,0,4,404
20170525,46,553,5903,1,1,1,0,0,1,1,0,4,566
20170525,46,467,5904,1,1,1,0,0,0,1,0,4,479
20170525,46,432,5905,1,1,1,0,0,0,0,0,4,448
20170525,46,345,5906,0,0,1,0,0,1,0,0,4,363
20170525,46,479,5907,1,0,1,0,0,1,0,0,4,509
20170525,45,445,5908,2,0,1,0,0,1,1,0,4,464
20170525,45,511,5909,2,1,1,0,0,1,1,0,4,528
20170525,45,595,5910,1,1,1,0,0,1,1,0,4,623
20170525,45,259,5911,0,0,1,0,0,0,1,0,4,272
20170525,45,286,5912,0,0,1,0,0,0,0,0,4,304
20170525,45,439,5913,0,0,1,0,0,1,1,0,4,454
20170525,45,393,5914,2,0,1,0,0,0,1,0,4,411
20170525,45,476,5915,2,0,1,0,0,1,0,0,4,494
20170525,45,267,5916,0,0,1,0,0,0,0,0,4,283
20170525,45,392,5917,2,0,1,0,0,0,1,0,4,412
20170525,45,290,5918,0,0,1,0,0,0,1,0,4,311
20170525,45,384,5919,0,0,1,0,0,1,0,0,4,400
20170525,45,266,5920,0,0,1,0,0,0,0,0,4,278
20170525,45,432,5921,2,0,1,0,0,1,1,0,4,450
20170525,45,419,5922,1,0,1,0,0,1,1,0,4,444
20170525,45,414,5923,2,0,1,0,0,0,0,0,4,426
20170525,45,241,5924,0,0,1,0,0,0,0,0,4,252
20170525,45,291,5925,0,0,1,0,0,0,1,0,4,309
20170525,45,268,5926,0,0,1,0,0,0,0,0,4,281
20170525,47,435,5843,1,0,1,0,0,1,1,0,4,
20170525,47,510,5844,2,1,1,0,0,0,0,0,4,
20170525,47,410,5845,0,0,1,0,0,1,1,0,4,
20170525,47,0,4975,0,1,1,0,1,1,1,0,4,
20170525,47,482,5846,1,1,1,0,0,1,1,0,4,
20170525,47,500,5848,2,0,1,0,0,0,1,0,4,
20170525,47,508,5849,1,0,1,0,0,0,1,0,4,
20170525,47,455,5850,2,0,1,0,0,1,1,0,4,
20170525,47,450,5851,2,0,1,0,0,1,1,0,4,
20170525,47,321,5852,0,0,1,0,0,1,0,0,4,
20170525,47,322,5853,0,0,1,0,0,1,0,0,4,
20170525,47,422,5854,0,0,1,0,0,0,1,0,4,
20170525,47,470,5855,1,0,1,0,0,1,1,0,4,
20170525,47,438,5856,2,0,1,0,0,1,1,0,4,
20170525,47,491,5857,1,0,1,0,0,0,1,0,4,
20170525,47,485,5858,1,0,1,0,0,0,0,0,4,
20170525,47,420,5859,1,0,1,0,0,0,1,0,4,
20170525,47,422,5860,0,0,1,0,0,0,1,0,4,
20170525,46,445,5861,0,0,1,0,0,0,1,0,4,
20170525,46,430,5862,1,0,1,0,0,1,1,0,4,
20170525,46,452,5863,1,1,1,0,0,1,1,0,4,
20170525,46,455,5864,2,0,1,0,0,1,0,0,4,
20170525,46,420,5865,0,0,1,0,0,0,0,0,4,
20170525,46,330,5866,0,0,1,0,0,0,0,0,4,
20170525,46,332,5867,0,0,1,0,0,0,0,0,4,
20170525,46,352,5868,0,0,1,0,0,0,0,0,4,
20170525,45,442,5869,2,0,1,0,0,0,1,0,4,
20170525,45,264,5870,0,0,1,0,0,1,0,0,4,
20170525,45,459,5871,1,0,1,0,0,1,0,0,4,
20170525,45,515,5872,1,0,1,0,0,1,1,0,4,
20170525,45,446,5874,1,0,1,0,0,0,1,0,4,
20170525,45,275,5875,0,0,1,0,0,0,0,0,4,
20170525,45,415,5873,0,0,1,0,0,0,0,0,4,
20170525,45,365,5876,0,0,1,0,0,0,1,0,4,
20170525,45,233,5878,0,0,1,0,0,0,0,0,4,
20170525,45,291,5879,0,0,1,0,0,1,1,0,4,
20170525,45,452,5880,1,0,1,0,0,1,0,0,4,
20170525,45,280,5881,0,0,1,0,0,1,0,0,4,
20170530,47,470,5882,2,0,1,0,0,1,0,0,7,
20170530,47,470,5883,2,0,1,0,0,1,1,0,7,
20170530,47,400,5884,2,0,1,0,0,0,0,0,7,
20170530,47,451,5885,0,0,1,0,0,0,0,0,7,
20170530,47,470,5886,2,1,1,0,0,0,1,0,7,
20170530,47,501,5887,1,1,1,0,0,1,1,0,7,
20170530,47,492,5888,2,1,1,0,0,0,1,0,7,501
20170530,47,565,5889,1,1,1,0,0,1,0,0,7,
20170530,47,656,5890,1,1,1,0,0,1,1,0,7,
20170530,47,380,5891,0,0,1,0,0,0,0,0,7,
20170530,47,458,5892,0,0,1,0,0,0,0,0,7,
20170530,47,498,5893,1,1,1,0,0,0,0,0,7,
20170530,47,465,5894,1,1,1,0,0,1,0,0,7,
20170530,47,435,5895,0,0,1,0,0,1,1,0,7,
20170530,47,505,5896,2,1,1,0,0,1,1,0,7,
20170530,47,504,5897,2,0,1,0,0,1,1,0,7,
20170530,47,358,5898,0,0,1,0,0,1,0,0,7,
20170530,47,415,5899,1,1,1,0,0,1,0,0,7,
20170530,47,510,5900,1,1,1,0,0,1,1,0,7,
20170530,47,492,6001,2,1,1,0,0,1,1,0,7,
20170530,47,534,6002,1,1,1,0,0,1,1,0,7,
20170530,47,625,6003,1,1,1,0,0,1,1,0,7,
20170530,47,450,6004,2,1,1,0,0,1,1,0,7,
20170530,47,570,6005,2,1,1,0,0,1,1,0,7,
20170530,47,394,5927,0,0,1,0,0,0,0,0,7,
20170530,47,514,5928,1,1,1,0,0,1,1,0,7,
20170530,47,571,5929,1,1,1,0,0,1,1,0,7,
20170530,47,539,5930,2,0,1,0,0,1,1,0,7,
20170530,47,486,5931,2,0,1,0,0,1,1,0,7,
20170530,47,431,5932,0,0,1,0,0,1,1,0,7,
20170530,47,516,5933,2,0,1,0,0,1,1,0,7,
20170530,47,456,5934,1,0,1,0,0,1,1,0,7,
20170530,47,351,5935,0,0,1,0,0,0,0,0,7,
20170530,47,441,5936,1,1,1,0,0,1,1,0,7,
20170530,47,503,5937,2,0,1,0,0,0,0,0,7,
20170530,47,442,5938,2,0,1,0,0,0,0,0,7,
20170530,47,261,5939,1,1,1,0,0,0,0,0,7,
20170530,47,731,5940,1,1,1,0,0,1,1,0,7,769
20170530,47,364,5941,1,1,1,0,0,1,1,0,7,
20170530,47,624,5942,1,1,1,0,0,1,1,0,7,
20170530,47,590,5943,2,0,1,0,0,1,1,0,7,
20170530,47,503,5944,2,0,1,0,0,1,1,0,7,
20170530,47,574,5945,2,0,1,0,0,0,0,0,7,
20170530,47,556,5946,1,0,1,0,0,0,0,0,7,
20170530,47,391,5947,2,0,1,0,0,1,1,0,7,
20170530,47,429,5948,0,0,1,0,0,0,0,0,7,
20170530,47,483,5949,1,0,1,0,0,1,0,0,7,
20170530,47,468,5950,2,1,1,0,0,1,1,0,7,
20170530,47,438,5951,2,0,1,0,0,0,1,0,7,
20170530,47,517,5952,2,1,1,0,0,1,0,0,7,
20170530,47,328,5953,0,0,1,0,0,1,1,0,7,
20170530,47,412,5954,1,0,1,0,0,1,1,0,7,
20170530,47,514,5955,0,1,1,0,0,1,1,0,7,
20170530,47,646,5956,1,1,1,0,0,1,0,0,7,
20170530,47,492,5957,1,1,1,0,0,1,1,0,7,
20170530,47,468,5958,1,0,1,0,0,0,1,0,7,
20170530,47,484,5959,0,0,1,0,0,0,1,0,7,
20170530,47,498,5960,2,0,1,0,0,1,1,0,7,
20170530,47,488,5961,2,0,1,0,0,1,1,0,7,
20170530,47,549,5962,0,1,1,0,0,1,1,0,7,
20170530,47,514,5963,1,0,1,0,0,1,1,0,7,
20170530,47,404,5964,0,1,1,0,0,1,1,0,7,
20170530,47,0,5960,1,,1,0,1,,,0,7,
20170530,47,511,5965,2,0,1,0,0,1,1,0,7,
20170530,47,502,5966,1,1,1,0,0,1,1,0,7,
20170530,47,474,5967,2,0,1,0,0,1,0,0,7,
20170531,46,450,5968,1,0,1,0,0,0,0,0,4,
20170531,46,415,5969,1,0,1,0,0,1,0,0,4,
20170531,46,434,5970,0,0,1,0,0,0,1,0,4,
20170531,46,293,5971,0,0,1,0,0,0,1,0,4,
20170531,46,416,5972,0,0,1,0,0,1,1,0,4,
20170531,46,484,5973,2,0,1,0,0,0,1,0,4,
20170531,46,318,5974,0,0,1,0,0,0,1,0,4,
20170531,46,355,5975,0,0,1,0,0,0,0,0,4,
20170531,46,304,5976,0,0,1,0,0,0,0,0,4,
20170531,46,438,5977,0,0,1,0,0,1,1,0,4,
20170531,46,472,5978,1,1,1,0,0,1,1,0,4,
20170531,46,406,5979,0,0,1,0,0,0,1,0,4,
20170531,46,344,5980,1,1,1,0,0,0,1,0,4,
20170531,46,414,5981,2,0,1,0,0,1,0,0,4,
20170531,46,302,5982,0,0,1,0,0,0,0,0,4,
20170531,46,432,5983,0,0,1,0,0,1,0,0,4,
20170531,46,250,5984,0,0,1,0,0,0,1,0,4,
20170531,46,506,5985,1,0,1,0,0,0,1,0,4,
20170531,46,476,5986,1,0,1,0,0,0,0,0,4,
20170531,46,323,5987,0,0,1,0,0,0,0,0,4,
20170531,46,429,5988,0,0,1,0,0,1,1,0,4,
20170531,46,509,5989,2,0,1,0,0,1,1,0,4,
20170531,46,293,5990,0,0,1,0,0,0,0,0,4,
20170531,46,369,5991,1,0,1,0,0,0,0,0,4,
20170531,46,408,5992,1,1,1,0,0,0,1,0,4,
20170531,46,521,5993,2,0,1,0,0,1,0,0,4,
20170531,46,320,5994,0,0,1,0,0,1,1,0,4,
20170531,46,349,5995,0,0,1,0,0,0,0,0,4,
20170531,46,507,5996,1,1,1,0,0,0,1,0,4,
20170531,46,424,5997,1,0,1,0,0,1,1,0,4,
20170531,46,410,5998,0,0,1,0,0,1,0,0,4,
20170531,46,352,5999,0,0,1,0,0,0,1,0,4,
20170531,46,438,6000,0,0,1,0,0,1,1,0,4,
20170531,46,338,6301,0,0,1,0,0,0,1,0,4,
20170531,46,576,6302,1,1,1,0,0,1,1,0,4,
20170531,46,463,6303,0,0,1,0,0,0,1,0,4,
20170531,46,438,6304,1,1,1,0,0,1,1,0,4,
20170531,46,466,6305,1,1,1,0,0,0,1,0,4,
20170531,46,369,6306,0,0,1,0,0,1,0,0,4,
20170531,46,417,6307,0,0,1,0,0,1,0,0,4,
20170531,46,516,6308,1,1,1,0,0,1,1,0,4,
20170531,46,593,6309,1,0,1,0,0,0,1,0,4,
20170531,46,410,6310,0,0,1,0,0,1,0,0,4,
20170531,46,360,6006,0,0,1,0,0,0,1,0,7,
20170531,46,0,5193,,,1,0,1,,,0,7,
20170531,46,305,0,0,0,0,0,0,0,0,1,7,
20170531,46,442,6007,2,0,1,0,0,0,1,0,7,
20170531,46,417,6008,2,0,1,0,0,1,1,0,7,
20170531,46,354,6009,0,0,1,0,0,1,1,0,7,
20170531,46,435,6010,1,0,1,0,0,1,1,0,7,
20170531,46,372,6011,0,0,1,0,0,1,1,0,7,
20170531,46,386,6012,0,0,1,0,0,1,1,0,7,
20170531,46,495,6013,2,0,1,0,0,1,0,0,7,
20170531,46,500,6014,2,0,1,0,0,1,0,0,7,
20170531,46,430,6015,2,0,1,0,0,0,1,0,7,
20170531,46,482,6016,1,0,1,0,0,0,1,0,7,
20170531,46,419,6017,0,0,1,0,0,1,1,0,7,
20170531,46,440,6018,0,0,1,0,0,0,1,0,7,
20170531,46,436,6019,0,0,1,0,0,0,0,0,7,
20170531,46,381,6020,0,0,1,0,0,0,1,0,7,
20170531,46,358,6021,0,0,1,0,0,0,1,0,7,
20170531,46,532,6022,1,0,1,0,0,1,1,0,7,
20170531,46,475,6023,2,1,1,0,0,1,1,0,7,
20170531,46,320,6024,0,0,1,0,0,0,0,0,7,
20170531,46,405,6025,2,0,1,0,0,0,0,0,7,
20170531,46,371,6026,0,0,1,0,0,0,0,0,7,
20170531,46,358,6027,0,0,1,0,0,1,0,0,7,
20170531,46,344,6028,0,0,1,0,0,0,1,0,7,
20170531,46,300,6029,0,0,1,0,0,0,0,0,7,
20170531,46,424,6030,0,0,1,0,0,0,0,0,7,
20170531,46,340,6031,0,0,1,0,0,0,0,0,7,
20170531,46,360,0,0,0,1,0,0,0,0,1,7,
20170531,46,409,6032,1,0,1,0,0,0,0,0,7,
20170531,46,430,6033,1,1,1,0,0,1,1,0,7,
20170531,46,667,6034,1,1,1,0,0,1,1,0,7,
20170531,46,432,6035,2,0,1,0,0,0,0,0,7,
20170531,46,540,6036,2,1,1,0,0,1,1,0,7,
20170531,46,392,6037,0,0,1,0,0,0,0,0,7,
20170531,46,285,6038,0,0,1,0,0,0,0,0,7,
20170531,46,280,6039,0,0,1,0,0,0,0,0,7,
20170531,46,435,6040,1,0,1,0,0,1,1,0,7,
20170531,46,429,6041,0,0,1,0,0,0,0,0,7,
20170531,46,470,6042,0,0,1,0,0,1,1,0,7,
20170531,46,425,6043,0,0,1,0,0,1,1,0,7,
20170531,46,393,6044,0,0,1,0,0,1,1,0,7,
20170531,46,450,6046,0,0,1,0,0,1,1,0,7,
20170531,46,341,6047,0,0,1,0,0,0,0,0,7,
20170531,46,485,6048,1,1,1,0,0,1,1,0,7,
20170531,46,605,6049,1,0,1,0,0,1,1,0,7,
20170531,46,429,6050,2,1,1,0,0,0,0,0,7,
20170531,46,361,6051,0,0,1,0,0,0,0,0,7,
20170531,46,270,6052,0,0,1,0,0,0,0,0,7,
20170531,46,465,6053,1,0,1,0,0,1,1,0,7,
20170601,45,255,6311,0,0,1,0,0,0,0,0,6,
20170601,45,272,6312,0,0,1,0,0,0,0,0,6,
20170601,45,305,6313,0,0,1,0,0,0,1,0,6,
20170601,45,391,6314,2,0,1,0,0,1,1,0,6,
20170601,45,325,0,0,0,1,0,0,0,0,1,6,
20170601,45,398,6315,1,0,1,0,0,0,1,0,6,
20170601,45,418,6316,2,0,1,0,0,1,1,0,6,
20170601,45,448,6317,2,0,1,0,0,1,1,0,6,
20170601,45,406,6318,2,1,1,0,0,1,0,0,6,
20170601,45,359,6319,0,0,1,0,0,0,0,0,6,
20170601,45,595,6320,2,0,1,0,0,1,1,0,6,
20170601,45,405,6321,0,0,1,0,0,1,1,0,6,
20170601,45,385,6322,0,0,1,0,0,0,1,0,6,
20170601,45,419,6323,2,0,1,0,0,0,0,0,6,
20170601,45,423,5831,2,0,1,0,1,1,1,0,6,
20170601,45,306,6324,0,0,1,0,0,0,1,0,6,
20170601,45,310,6325,0,0,1,0,0,1,0,0,6,
20170601,45,274,6326,0,0,1,0,0,1,0,0,6,
20170601,45,275,6327,0,0,1,0,0,0,0,1,6,
20170601,45,312,6328,0,0,1,0,0,0,0,0,6,
20170601,45,380,6329,0,0,1,0,0,1,1,0,6,
20170601,45,390,6330,2,0,1,0,0,0,0,0,6,
20170601,45,485,6331,2,1,1,0,0,1,1,0,6,
20170601,45,327,6332,0,0,1,0,0,0,0,0,6,
20170601,45,336,6333,0,0,1,0,0,0,1,0,6,
20170601,45,560,6334,1,1,1,0,0,1,1,0,6,
20170601,45,352,6335,0,0,1,0,0,1,1,0,6,
20170601,45,530,6336,2,1,1,0,0,1,0,0,6,
20170601,45,555,6337,1,1,1,0,0,1,1,0,6,
20170601,45,570,6338,1,1,1,0,0,1,1,0,6,
20170601,45,665,6339,1,1,1,0,0,1,1,0,6,
20170601,45,295,6340,0,0,1,0,0,0,1,0,6,
20170601,45,544,6341,1,1,1,0,0,0,1,0,6,
20170601,45,465,6342,1,1,1,0,0,0,1,0,6,
20170601,45,208,6343,1,0,1,0,0,0,1,0,6,
20170601,45,485,6344,1,1,1,0,0,1,1,0,6,
20170601,45,490,6345,1,1,1,0,0,1,1,0,6,
20170601,45,265,6346,0,0,1,0,0,0,1,0,6,
20170601,45,275,5764,0,0,1,0,1,0,1,0,6,
20170601,45,310,6347,0,0,1,0,0,1,1,0,6,
20170601,45,339,6348,0,0,1,0,0,0,1,0,6,
20170601,45,246,6349,0,0,1,0,0,0,0,0,6,
20170601,45,375,6350,2,0,1,0,0,0,0,0,6,
20170601,45,454,6351,2,0,1,0,0,0,1,0,6,
20170601,45,416,6352,2,0,1,0,0,0,0,0,6,
20170601,45,270,6353,0,0,1,0,0,0,0,0,6,
20170601,45,415,6354,0,0,1,0,0,0,1,0,6,
20170601,45,266,6355,0,0,1,0,0,0,0,0,6,
20170601,45,365,6356,2,0,1,0,0,0,1,0,6,
20170601,45,362,6358,0,0,1,0,0,0,0,0,6,
20170601,45,400,6359,0,0,1,0,0,1,1,0,6,
20170601,45,430,6360,2,0,1,0,0,0,0,0,6,
20170601,45,345,6361,2,0,1,0,0,0,1,0,6,
20170601,45,457,6362,2,1,1,0,0,0,1,0,6,
20170601,45,290,6363,0,0,1,0,0,0,0,0,6,
20170601,45,515,6366,2,0,1,0,0,0,1,0,6,
20170601,45,457,6367,1,0,1,0,0,0,1,0,6,
20170601,45,421,6368,2,0,1,0,0,0,1,0,6,
20170601,45,525,6369,2,0,1,0,0,0,1,0,6,
20170601,45,285,6370,0,0,1,0,0,0,0,0,6,
20170601,45,225,6371,0,0,1,0,0,1,1,0,6,
20170601,45,352,6372,0,0,1,0,0,0,1,0,6,
20170601,45,333,6373,0,0,1,0,0,0,1,0,6,
20170601,45,455,6374,2,0,1,1,1,1,1,0,6,
20170601,45,311,6375,0,0,1,0,0,0,0,0,6,
20170601,45,416,6376,1,0,1,0,0,1,1,0,6,
20170601,45,270,6377,0,0,1,0,0,0,0,0,6,
20170601,45,271,6378,0,0,1,0,0,0,0,0,6,
20170601,45,342,6379,0,0,1,0,0,0,1,0,6,
20170601,45,305,6380,0,0,1,0,0,0,1,0,6,
20170601,45,335,6381,0,0,1,0,0,0,1,0,6,
20170601,45,383,5803,0,0,1,0,1,0,0,0,6,
20170601,45,290,6382,0,0,1,0,0,0,0,0,6,
20170601,45,310,6383,0,0,1,0,0,0,0,0,6,
20170601,45,300,6384,1,0,1,0,0,0,0,0,6,
20170601,45,380,6385,0,0,1,0,0,0,1,0,6,
20170601,45,450,4884,2,0,1,0,1,0,0,0,6,
20170601,45,379,6386,0,0,1,0,0,0,0,0,6,
20170601,45,375,6387,0,0,1,0,0,1,1,0,6,
20170601,45,370,6388,0,0,1,0,0,0,1,0,6,
20170601,45,290,6389,0,0,1,0,0,0,0,0,6,
20170601,45,290,6390,0,0,1,0,0,0,1,0,6,
20170601,45,270,6391,0,0,1,0,0,0,0,0,6,
20170601,45,311,6392,0,0,1,0,0,1,1,0,6,
20170601,45,562,6393,2,0,1,0,0,0,0,0,6,
20170601,45,310,5250,0,0,1,0,1,0,0,0,6,
20170601,45,336,6394,0,0,1,0,0,1,1,0,6,
20170601,45,349,6395,0,0,1,0,0,1,1,0,6,
20170601,45,490,6396,2,0,1,0,0,1,1,0,6,
20170601,45,360,6397,2,0,1,0,0,1,0,0,6,
20170601,45,361,6054,1,1,1,0,0,0,0,0,6,372
20170601,45,620,0,1,1,1,0,0,1,1,1,6,636
20170601,45,532,6055,1,1,1,0,0,0,1,0,6,543
20170601,45,428,6056,2,0,1,0,0,1,1,0,6,450
20170601,45,575,6057,1,0,1,0,0,1,1,0,6,583
20170601,45,540,6058,1,1,1,0,0,0,1,0,6,555
20170601,45,642,6059,1,1,1,0,0,0,1,0,6,658
20170601,45,394,6060,1,1,1,0,0,1,0,0,6,412
20170601,45,583,6061,1,0,1,0,0,0,1,0,6,600
20170601,45,523,6062,1,1,1,0,0,1,1,0,6,541
20170601,45,433,6063,1,1,1,0,0,1,0,0,6,449
20170601,45,562,6064,1,1,1,0,0,0,1,0,6,583
20170601,45,595,6065,1,1,1,0,0,1,1,0,6,611
20170601,45,488,6066,1,1,1,0,0,0,1,0,6,509
20170601,45,421,6067,1,1,1,0,0,1,1,0,6,445
20170601,45,497,6068,1,1,1,0,0,0,1,0,6,515
20170601,45,500,6069,2,0,1,0,0,0,1,0,6,514
20170601,45,546,6070,1,1,1,0,0,1,1,0,6,571
20170601,45,496,6071,1,1,1,0,0,0,1,0,6,522
20170601,45,278,6072,0,0,1,0,0,1,1,0,6,294
20170601,45,399,6073,0,0,1,0,0,0,1,0,6,414
20170601,45,373,6074,0,0,1,0,0,1,0,0,6,389
20170601,45,316,6075,0,0,1,0,0,0,1,0,6,338
20170601,45,423,6076,0,0,1,0,0,0,1,0,6,444
20170601,45,334,6077,0,0,1,0,0,0,1,0,6,353
20170601,45,366,6078,2,0,1,0,0,1,1,0,6,382
20170601,45,479,6079,2,0,1,0,0,0,1,0,6,502
20170601,45,334,6080,0,0,1,0,0,1,1,0,6,356
20170601,45,292,6081,0,0,1,0,0,0,0,0,6,303
20170601,45,257,6082,0,0,1,0,0,0,0,0,6,265
20170601,45,424,6083,2,0,1,0,0,1,1,0,6,444
20170601,45,369,6084,0,0,1,0,0,0,0,0,6,392
20170601,45,369,6085,2,0,1,0,0,0,1,0,6,383
20170601,45,520,6086,1,1,1,0,0,1,1,0,6,537
20170601,45,503,6087,2,0,1,0,0,1,1,0,6,523
20170601,45,429,5177,1,1,1,0,1,,,0,6,
20170601,45,449,0,0,0,0,0,0,0,1,1,6,469
20170601,45,0,5762,,,1,0,1,,,0,6,
20170601,45,291,6088,0,0,1,0,0,0,0,0,6,310
20170601,45,0,5279,2,0,1,0,1,,,0,6,
20170601,45,439,6089,1,0,1,0,0,1,0,0,6,458
20170601,45,457,6090,2,0,1,0,0,1,0,0,6,486
20170601,45,456,6091,1,0,1,0,0,1,0,0,6,469
20170601,45,374,6092,0,0,1,0,0,1,1,0,6,395
20170601,45,245,6093,0,0,1,0,0,0,0,0,6,263
20170601,45,317,6094,0,0,1,0,0,0,0,0,6,337
20170601,45,417,6095,0,0,1,0,0,0,1,0,6,442
20170601,45,323,6096,0,0,1,0,0,0,1,0,6,341
20170601,45,425,0,0,0,0,0,0,0,0,1,6,449
20170601,45,392,6097,0,0,1,0,0,0,0,0,6,422
20170601,45,265,6098,0,0,1,0,0,0,0,0,6,284
20170601,45,354,6099,0,0,1,0,0,1,0,0,6,373
20170601,45,374,6100,0,0,1,0,0,1,0,0,6,393
20170601,45,287,6101,0,0,1,0,0,0,0,0,6,299
20170601,45,362,6102,0,0,1,0,0,1,0,0,6,385
20170601,45,475,6103,1,0,1,0,0,1,0,0,6,489
20170601,45,317,6104,0,0,1,0,0,0,1,0,6,336
20170601,45,306,6105,0,0,1,0,0,0,0,0,6,319
20170601,45,369,6106,0,0,1,0,0,0,1,0,6,387
20170601,45,257,6107,0,0,1,0,0,0,0,0,6,272
20170601,45,234,6108,0,0,1,0,0,0,0,0,6,249
20170602,47,378,6109,0,0,1,0,0,0,1,0,8,
20170602,47,463,6110,0,0,1,0,0,0,1,0,8,
20170602,47,385,6111,0,0,1,0,0,0,1,0,8,
20170602,47,533,6112,0,0,1,0,0,1,1,0,8,
20170602,47,400,6113,0,0,1,0,0,0,0,0,8,
20170602,47,428,6114,0,0,1,0,0,0,1,0,8,
20170602,47,396,6115,2,0,1,0,0,0,1,0,8,
20170602,47,435,6116,0,0,1,0,0,1,1,0,8,
20170602,47,565,6117,2,0,1,0,0,0,0,0,8,
20170602,47,613,6118,2,0,1,0,0,0,1,0,8,
20170602,47,368,6119,0,0,1,0,0,1,1,0,8,
20170602,47,395,6120,1,1,1,0,0,0,1,0,8,
20170602,47,415,6121,0,0,1,0,0,1,0,0,8,
20170602,47,258,6122,0,0,1,0,0,0,1,0,8,
20170602,47,525,6123,2,0,1,0,0,0,1,0,8,
20170602,47,456,6125,1,0,1,0,0,0,1,0,8,
20170602,47,379,6151,1,1,1,0,0,0,0,0,8,
20170602,47,300,6152,0,0,1,0,0,0,0,0,8,
20170602,47,517,6153,2,0,1,0,0,0,1,0,8,
20170602,47,450,6154,0,0,1,0,0,0,1,0,8,
20170602,47,455,6155,0,0,1,0,0,0,1,0,8,
20170602,47,505,6158,2,0,1,0,0,0,0,0,8,
20170602,47,335,6160,0,0,1,0,0,0,0,0,8,
20170602,46,334,6161,0,0,1,0,0,1,1,0,8,
20170602,46,446,6162,2,0,1,0,0,0,0,0,8,
20170602,46,300,6163,0,0,1,0,0,1,0,0,8,
20170602,46,432,6164,0,0,1,0,0,0,0,0,8,
20170602,46,441,6165,2,0,1,0,0,1,0,0,8,
20170602,46,328,6166,0,0,1,0,0,0,0,0,8,
20170602,46,408,0,0,0,0,0,0,1,1,1,8,
20170602,46,429,6167,0,0,1,0,0,1,1,0,8,
20170602,46,512,6168,1,1,1,0,0,0,1,0,8,
20170602,46,518,6169,2,0,1,0,0,1,1,0,8,
20170602,46,402,6170,0,0,1,0,0,0,1,0,8,
20170602,46,408,6171,0,1,1,0,0,0,0,0,8,
20170602,46,515,6172,1,1,1,0,0,1,1,0,8,
20170602,46,485,6173,1,1,1,0,0,1,1,0,8,
20170602,46,635,6174,1,0,1,0,0,1,1,0,8,
20170602,46,325,6175,0,1,1,0,0,0,1,0,8,
20170602,46,385,6150,1,0,1,0,0,0,0,0,8,
20170602,46,311,6126,0,0,1,0,0,0,0,0,8,
20170602,46,425,6127,2,0,1,0,0,0,1,0,8,
20170602,46,345,6128,0,0,1,0,0,0,1,0,8,
20170602,46,428,6129,2,0,1,0,0,0,0,0,8,
20170602,45,472,6130,0,0,1,0,0,0,0,0,8,
20170602,45,497,6131,2,0,1,0,0,0,1,0,8,
20170602,45,472,6133,0,0,1,0,0,0,1,0,8,
20170602,45,250,6137,0,0,1,0,0,0,0,0,8,
20170602,45,365,6138,0,0,1,0,0,0,0,0,8,
20170602,45,295,6139,0,0,1,0,0,0,1,0,8,
20170602,45,287,6140,0,0,1,0,0,0,1,0,8,
20170602,45,313,6141,0,0,1,0,0,0,0,0,8,
20170602,45,380,6142,0,0,1,0,0,0,1,0,8,
20170602,45,428,6143,0,0,1,0,0,0,0,0,8,
20170602,45,278,6144,0,0,1,0,0,0,0,1,8,
20170602,45,294,6145,0,0,1,0,0,0,0,0,8,
20170602,45,272,6146,0,0,1,0,0,0,0,0,8,
20170602,45,270,6147,0,0,1,0,0,0,0,0,8,
20170602,45,470,6148,2,1,1,0,0,0,0,0,8,
20170602,45,315,6176,0,0,1,0,0,0,0,0,8,
20170602,45,355,6177,0,0,1,0,0,1,0,0,8,
20170602,45,285,6178,0,0,1,0,0,0,0,0,8,
20170602,45,355,6179,0,0,1,0,0,0,1,0,8,
20170602,45,300,6180,0,0,1,0,0,0,1,0,8,
20170602,45,330,6181,0,0,1,0,0,0,1,0,8,
20170602,45,351,6182,0,0,1,0,0,0,0,0,8,
20170602,45,268,6183,0,0,1,0,0,0,1,0,8,
20170602,45,303,6184,0,0,1,0,0,0,0,0,8,
20170602,45,275,6185,0,0,1,0,0,0,0,0,8,
20170602,45,0,5491,,,1,0,1,,,0,8,
20170602,45,280,6186,0,0,1,0,0,0,0,0,8,
20170602,45,438,6187,0,0,1,0,0,1,1,0,8,
20170602,45,284,6188,0,0,1,0,0,0,1,0,8,
20170602,45,297,6189,0,0,1,0,0,0,0,0,8,
20170602,45,310,6190,0,0,1,0,0,0,0,0,8,
20170602,45,295,6191,0,0,1,0,0,0,0,0,8,
20170602,45,320,6192,0,0,1,0,0,0,0,0,8,
20170602,45,504,6193,2,0,1,0,0,1,1,0,8,
20170602,47,498,6398,1,1,1,0,0,0,1,0,8,511
20170602,47,425,6399,0,0,1,0,0,0,0,0,8,436
20170602,47,415,6400,0,0,1,0,0,1,1,0,8,427
20170602,47,500,6401,2,0,1,0,0,1,0,0,8,514
20170602,47,0,5888,,,1,0,1,,,0,8,
20170602,47,0,5235,,,1,0,1,,,0,8,
20170602,47,540,6403,2,0,1,0,0,1,1,0,8,558
20170602,47,541,6405,2,0,1,0,0,1,1,0,8,555
20170602,47,415,6406,0,0,1,0,0,0,0,0,8,421
20170602,47,410,6407,0,0,1,0,0,1,0,0,8,424
20170602,47,370,6408,0,0,1,0,0,0,0,0,8,386
20170602,47,467,6409,2,0,1,0,0,1,0,0,8,478
20170602,47,333,6410,0,0,1,0,0,0,0,0,8,344
20170602,47,467,6411,0,0,1,0,0,1,0,0,8,482
20170602,47,518,6412,2,0,1,0,0,0,1,0,8,
20170602,46,576,6413,2,0,1,0,0,1,1,0,8,590
20170602,46,420,6414,0,0,1,0,0,0,1,0,8,431
20170602,46,387,6415,0,0,1,0,0,0,0,0,8,398
20170602,46,375,6416,1,1,1,0,0,1,1,0,8,390
20170602,46,544,6417,1,0,1,0,0,1,1,0,8,561
20170602,46,276,6418,0,0,1,0,0,0,0,0,8,289
20170602,46,303,6419,0,0,1,0,0,1,1,0,8,322
20170602,46,495,6420,2,1,1,0,0,1,0,0,8,525
20170602,46,436,6421,1,1,1,0,0,1,0,0,8,450
20170602,46,386,6422,0,0,1,0,0,1,1,0,8,399
20170602,46,275,6424,0,0,1,0,0,0,0,0,8,282
20170602,46,438,6425,2,0,1,0,0,1,1,0,8,450
20170602,46,417,5674,2,0,1,0,0,0,1,0,8,
20170602,46,530,6427,1,1,1,0,0,1,1,0,8,541
20170602,46,610,6428,1,1,1,0,0,0,1,0,8,632
20170602,46,402,6429,1,0,1,0,0,1,0,0,8,422
20170602,46,508,6430,1,1,1,0,0,0,1,0,8,520
20170602,46,347,6431,0,0,1,0,0,0,0,0,8,360
20170602,46,342,6432,0,0,1,0,0,0,0,0,8,358
20170602,46,545,6433,2,1,1,0,0,0,1,0,8,560
20170602,46,310,6434,0,0,1,0,0,0,0,0,8,
20170602,46,404,6435,2,0,1,0,0,0,1,0,8,413
20170602,46,453,6436,2,0,1,0,0,0,0,0,8,465
20170602,46,302,6437,0,0,1,0,0,0,0,0,8,319
20170602,46,403,6438,2,0,1,0,0,1,1,0,8,428
20170602,46,356,6439,0,0,1,0,0,1,1,0,8,377
20170602,46,387,6440,2,0,1,0,0,1,1,0,8,408
20170602,46,462,6441,2,0,1,0,0,0,0,0,8,474
20170602,46,323,6442,0,0,1,0,0,1,1,0,8,340
20170602,45,315,0,0,0,1,0,0,,,1,,334
20170602,45,342,6443,2,0,1,0,0,1,1,0,8,366
20170602,45,290,6444,2,0,1,0,0,1,0,0,8,315
20170602,45,255,6445,2,0,1,0,0,0,0,0,8,270
20170602,45,425,6446,2,0,1,0,0,0,1,0,8,448
20170602,45,251,6447,0,0,1,0,0,1,0,0,8,262
20170602,45,259,6448,0,0,1,0,0,0,0,0,8,270
20170602,45,323,6449,0,0,1,0,0,0,0,0,8,336
20170602,45,340,6450,0,0,1,0,0,0,0,0,8,350
20170602,45,312,6451,0,0,1,0,0,1,0,0,8,325
20170602,45,371,6452,0,0,1,0,0,1,0,0,8,396
20170602,45,339,6453,0,0,1,0,0,0,1,0,8,353
20170602,45,269,6454,0,0,1,0,0,0,1,0,8,282
20170602,45,331,6455,1,0,1,0,0,0,0,0,8,362
20170602,45,244,6456,0,0,1,0,0,1,0,0,8,256
20170602,45,274,6457,0,0,1,0,0,0,0,0,8,282
20170602,45,299,6458,0,0,1,0,0,0,0,0,8,309
20170602,45,423,6459,0,0,1,0,0,0,1,0,8,446
20170602,45,250,6460,0,0,1,0,0,0,1,0,8,260
20170602,45,338,6461,0,0,1,0,0,0,0,0,8,352
20170602,45,0,6052,,,1,0,1,,,0,8,
20170602,45,246,6462,0,0,1,0,0,0,0,0,8,254
20170602,45,291,6463,0,0,1,0,0,0,0,0,8,303
20170602,45,265,6464,0,0,1,0,0,0,0,0,8,
20170602,45,301,6465,0,0,1,0,0,1,1,0,8,315
20170602,45,411,6466,1,0,1,0,0,0,0,0,8,429
20170602,45,372,6467,1,0,1,0,0,1,1,0,8,385
20170602,45,363,6468,0,0,1,0,0,0,0,0,8,376
20170602,45,226,6469,0,0,1,0,0,0,0,0,8,237
20170602,45,268,6470,0,0,1,0,0,0,0,0,8,281
20170602,45,409,6471,0,0,1,0,0,0,0,0,8,423
20170605,47,362,6194,0,0,1,0,0,0,0,0,9,379
20170605,47,439,6195,2,0,1,0,0,0,0,0,9,462
20170605,47,462,6196,2,0,1,0,0,0,0,0,9,472
20170605,47,394,6197,1,1,1,0,0,0,1,0,9,412
20170605,47,528,6198,2,0,1,0,0,1,1,0,9,547
20170605,47,372,6199,0,0,1,0,0,1,0,0,9,389
20170605,47,371,6200,0,0,1,0,0,0,1,0,9,391
20170605,47,432,6500,2,0,1,0,0,0,1,0,9,447
20170605,47,493,6499,1,0,1,0,0,1,1,0,9,514
20170605,47,401,6498,2,0,1,0,0,1,0,0,9,422
20170605,47,462,0,0,0,1,0,0,0,0,1,9,483
20170605,47,486,6497,2,0,1,0,0,1,1,0,9,512
20170605,47,494,6496,1,0,1,0,0,0,1,0,9,511
20170605,47,487,6495,2,0,1,0,0,0,1,0,9,509
20170605,47,684,6493,2,0,1,0,0,0,1,0,9,712
20170605,47,666,6492,2,0,1,0,0,1,0,0,9,699
20170605,47,363,6491,0,0,1,0,0,1,1,0,9,377
20170605,47,383,6490,1,0,1,0,0,0,1,0,9,404
20170605,47,534,6489,1,0,1,0,0,1,1,0,9,558
20170605,47,524,6488,2,0,1,0,0,0,1,0,9,554
20170605,47,370,6487,0,0,1,0,0,1,1,0,9,384
20170605,47,602,6486,1,1,1,0,0,1,0,0,9,615
20170605,47,471,6485,2,1,1,0,0,0,1,0,9,488
20170605,47,562,6484,1,1,1,0,0,1,0,0,9,583
20170605,47,492,6483,2,0,1,0,0,1,0,0,9,507
20170605,47,514,6482,2,0,1,0,0,1,0,0,9,522
20170605,47,330,6481,0,0,1,0,0,1,0,0,9,340
20170605,47,464,6480,2,0,1,0,0,0,1,0,9,483
20170605,47,460,6479,1,0,1,0,0,1,0,0,9,473
20170605,47,443,0,1,0,1,0,0,1,0,1,9,456
20170605,47,0,5782,1,1,1,0,1,1,0,0,9,
20170605,47,544,6478,2,0,1,0,0,1,1,0,9,568
20170605,47,431,6477,1,1,1,0,0,1,0,0,9,454
20170605,47,342,6476,0,0,1,0,0,0,0,0,9,350
20170605,47,425,5076,0,0,1,0,0,1,1,0,9,436
20170605,47,369,5077,0,0,1,0,0,1,1,0,9,385
20170605,47,434,5078,2,0,1,0,0,0,1,0,9,
20170605,47,514,5079,1,0,1,0,0,0,1,0,9,532
20170605,47,454,5080,2,0,1,0,0,1,1,0,9,476
20170605,47,475,0,2,0,0,0,0,1,0,1,9,494
20170605,47,519,5081,1,1,1,0,0,1,1,0,9,541
20170605,47,404,5082,1,1,1,0,0,1,1,0,9,423
20170605,47,556,5083,2,0,1,0,0,1,1,0,9,572
20170605,47,502,5084,1,0,1,0,0,0,1,0,9,524
20170605,47,523,5085,2,0,1,0,0,0,1,0,9,549
20170605,47,692,5086,2,1,1,0,0,1,1,0,9,710
20170605,47,349,5087,0,0,1,0,0,0,1,0,9,368
20170605,47,284,200201,0,0,1,0,0,0,0,0,9,295
20170605,47,333,200204,1,1,1,0,0,1,1,0,9,346
20170605,47,306,200207,0,0,1,0,0,0,1,0,9,316
20170605,47,321,200208,0,0,1,0,0,0,0,0,9,335
20170605,47,407,200210,2,0,1,0,0,0,1,0,9,426
20170605,47,445,6156,1,0,1,0,0,1,1,0,9,468
20170605,47,476,6135,1,0,1,0,0,0,0,0,9,497
20170605,47,404,6136,1,0,1,0,0,1,0,0,9,426
20170605,47,351,5088,0,0,1,0,0,0,0,0,9,369
20170605,47,334,5089,0,0,1,0,0,0,0,0,9,352
20170605,47,433,6124,2,0,1,0,0,1,0,0,9,462
20170605,47,423,6159,2,0,1,0,0,1,1,0,9,439
20170605,47,407,5090,1,0,1,0,0,0,1,0,9,429
20170605,47,519,5091,1,0,1,0,0,1,1,0,9,534
20170605,47,393,5092,0,0,1,0,0,0,0,0,9,412
20170605,47,485,6251,1,0,1,0,0,1,1,0,9,508
20170605,47,378,6252,1,1,1,0,0,1,0,0,9,399
20170605,47,390,6253,1,1,1,0,0,1,1,0,9,403
20170605,47,614,6254,1,1,1,0,0,1,1,0,9,632
20170605,47,615,6255,1,1,1,0,0,1,1,0,9,630
20170605,47,521,6256,1,1,1,0,0,1,1,0,9,540
20170605,47,574,6257,1,1,1,0,0,0,0,0,9,592
20170605,47,385,6472,0,0,1,0,0,1,1,0,9,
20170605,47,535,6473,1,1,1,0,0,1,1,0,9,
20170605,47,480,6474,2,0,1,0,0,1,1,0,9,
20170605,47,530,6475,2,0,1,0,0,1,1,0,9,
20170605,47,405,4378,0,0,1,0,0,0,1,0,9,
20170605,47,403,4379,1,1,1,0,0,1,1,0,9,
20170605,47,340,4380,0,0,1,0,0,0,1,0,9,
20170605,47,500,4381,2,0,1,0,0,0,1,0,9,
20170605,47,405,4382,0,0,1,0,0,1,0,0,9,
20170605,47,361,4383,0,0,1,0,0,1,0,0,9,
20170605,47,513,4384,1,1,1,0,0,0,1,0,9,
20170605,47,458,4385,0,0,1,0,0,0,1,0,9,
20170605,47,580,4386,2,0,1,0,0,1,1,0,9,
20170605,47,395,4387,0,0,1,0,0,1,0,0,9,
20170605,47,420,4388,0,0,1,0,0,0,0,0,9,
20170605,47,300,4389,0,0,1,0,0,1,0,0,9,
20170605,47,0,5959,1,1,1,0,1,0,1,0,9,
20170605,47,441,4390,0,0,1,0,0,1,1,0,9,
20170605,47,475,4391,2,0,1,0,0,0,1,0,9,
20170605,47,539,4392,2,0,1,0,0,1,1,0,9,
20170605,47,381,4393,0,0,1,0,0,1,1,0,9,
20170605,47,398,4394,0,0,1,0,0,0,0,0,9,
20170605,47,502,4395,2,0,1,0,0,0,1,0,9,
20170605,47,463,4396,2,0,1,0,0,1,1,0,9,
20170605,47,560,4397,2,0,1,0,0,1,1,0,9,
20170605,47,469,4398,1,1,1,0,0,1,1,0,9,
20170605,47,610,4399,1,1,1,0,0,1,1,0,9,
20170605,47,452,4400,1,1,1,0,0,0,1,0,9,
20170605,47,403,6201,0,0,1,0,0,0,0,0,9,
20170605,47,396,6202,0,0,1,0,0,0,0,0,9,
20170605,47,371,6203,0,0,1,0,0,0,1,0,9,
20170605,47,400,6204,0,0,1,0,0,1,1,0,9,
20170605,47,366,6205,0,0,1,0,0,1,1,0,9,
20170605,47,416,6206,2,0,1,0,0,1,1,0,9,
20170605,47,410,6207,1,0,1,0,0,1,1,0,9,
20170605,47,523,6208,2,0,1,0,0,1,1,0,9,
20170605,47,0,5601,,,1,0,1,,1,0,9,
20170605,47,560,6209,2,0,1,0,0,1,0,0,9,
20170605,47,356,6210,0,0,1,0,0,0,1,0,9,
20170605,47,610,6211,1,1,1,0,0,1,1,0,9,
20170605,47,392,6212,1,1,1,0,0,1,0,0,9,
20170605,47,416,6213,0,0,1,0,0,1,0,0,9,
20170605,47,497,6214,2,0,1,0,0,1,1,0,9,
20170605,47,380,6215,1,1,1,0,0,1,1,0,9,
20170605,47,476,6216,2,0,1,0,0,0,1,0,9,
20170605,47,485,6217,2,0,1,0,0,0,1,0,9,
20170605,47,482,6218,2,0,1,0,0,0,1,0,9,
20170605,47,562,6219,1,1,1,0,0,1,1,0,9,
20170605,47,482,6220,0,0,1,0,0,1,1,0,9,
20170605,47,416,6221,2,0,1,0,0,1,1,0,9,
20170605,47,478,6222,1,0,1,0,0,0,1,0,9,
20170605,47,465,6223,0,0,1,0,0,0,1,0,9,
20170605,47,420,6224,0,0,1,0,0,0,0,0,9,
20170605,47,475,6225,0,0,1,0,0,1,1,0,9,
20170605,47,400,6226,0,0,1,0,0,1,0,0,9,
20170605,47,625,6227,1,1,1,0,0,1,1,0,9,
20170605,47,550,6228,2,0,1,0,0,0,0,0,9,
20170605,47,312,6229,1,0,1,0,0,0,0,0,9,
20170605,47,440,6230,0,0,1,0,0,1,1,0,9,
20170605,47,519,6231,2,0,1,0,0,0,0,0,9,
20170605,47,540,6232,2,0,1,0,0,0,0,0,9,
20170605,47,360,0,0,0,0,0,0,0,1,1,9,
20170606,46,479,6258,2,0,1,0,0,1,0,0,9,
20170606,46,350,6259,0,0,1,0,0,0,1,0,9,
20170606,46,455,6260,0,0,1,0,0,1,1,0,9,
20170606,46,386,6261,0,0,1,0,0,1,1,0,9,
20170606,46,441,6262,0,0,1,0,0,1,1,0,9,
20170606,46,388,6263,0,0,1,0,0,0,1,0,9,
20170606,46,289,6264,0,0,1,0,0,0,1,0,9,
20170606,46,395,6265,0,0,1,0,0,1,1,0,9,
20170606,46,485,6266,1,0,1,0,0,1,0,0,9,
20170606,46,530,6267,2,1,1,0,0,1,1,0,9,
20170606,46,382,6268,2,0,1,0,0,1,1,0,9,
20170606,46,400,6269,0,0,1,0,0,1,1,0,9,
20170606,46,352,6270,0,0,1,0,0,0,0,0,9,
20170606,46,294,6271,0,0,1,0,0,0,0,0,9,
20170606,46,360,6272,0,0,1,0,0,1,0,0,9,
20170606,46,434,6273,2,0,1,0,0,0,0,0,9,
20170606,46,524,6274,2,0,1,0,0,1,1,0,9,
20170606,46,452,6275,1,0,1,0,0,1,1,0,9,
20170606,46,510,5877,1,1,1,0,0,1,1,0,9,
20170606,46,382,6044,0,0,1,0,1,0,1,0,9,
20170606,46,252,6426,0,0,1,0,0,0,0,0,9,
20170606,46,301,5477,0,0,1,0,0,0,0,0,9,
20170606,46,406,5414,0,0,1,0,0,0,0,0,9,
20170606,46,420,5100,1,1,1,0,0,1,1,0,9,
20170606,46,303,5096,0,0,1,0,0,0,0,0,9,
20170606,46,289,5097,0,0,1,0,0,1,1,0,9,
20170606,46,344,5094,0,0,1,0,0,1,0,0,9,
20170606,46,325,5095,0,0,1,0,0,1,0,0,9,
20170606,46,320,5098,0,0,1,0,0,0,1,0,9,
20170606,46,505,5002,2,0,1,0,0,1,1,0,9,
20170606,46,445,4982,2,0,1,0,0,1,0,0,9,
20170606,46,535,5099,2,0,1,0,0,1,1,0,9,
20170606,46,315,41,0,0,1,0,0,0,0,0,9,
20170606,46,502,42,2,0,1,0,0,1,1,0,9,
20170606,46,450,43,0,0,1,0,0,0,0,0,9,
20170606,46,395,44,1,1,1,0,0,1,0,0,9,
20170606,46,364,45,0,0,1,0,0,0,0,0,9,
20170606,46,335,46,0,0,1,0,0,1,0,0,9,
20170606,46,280,47,0,0,1,0,0,0,0,0,9,
20170606,46,412,48,0,0,1,0,0,1,1,0,9,
20170606,46,500,49,2,0,1,0,0,0,1,0,9,
20170606,46,380,50,0,0,1,0,0,0,1,0,9,
20170606,46,404,51,0,0,1,0,0,1,1,0,9,
20170606,46,536,52,1,1,1,0,0,1,1,0,9,
20170606,46,340,53,0,0,1,0,0,0,1,0,9,
20170606,46,404,54,0,0,1,0,0,1,1,0,9,
20170606,46,0,4837,0,0,1,0,1,1,0,0,9,
20170606,46,405,55,0,0,1,0,0,1,1,0,9,
20170606,46,440,56,2,0,1,0,0,0,0,0,9,
20170606,46,411,57,0,0,1,0,0,1,1,0,9,
20170606,46,401,58,0,0,1,0,0,1,1,0,9,
20170606,46,359,59,0,0,1,0,0,0,0,0,9,
20170606,46,424,60,0,0,1,0,0,1,0,0,9,
20170606,46,380,61,0,0,1,0,0,0,0,0,9,
20170606,46,405,62,0,0,1,0,0,1,1,0,9,
20170606,46,264,63,0,0,1,0,0,0,1,0,9,
20170606,46,465,64,0,0,1,0,0,1,0,0,9,
20170606,46,482,65,2,0,1,0,0,0,1,0,9,
20170606,46,432,66,2,0,1,0,0,0,1,0,9,
20170606,46,519,67,1,1,1,0,0,0,1,0,9,
20170606,46,0,4838,1,1,1,0,1,0,1,0,9,
20170606,46,289,68,0,0,1,0,0,0,1,0,9,
20170606,46,365,69,0,0,1,0,0,0,1,0,9,
20170606,46,570,70,2,0,1,0,0,1,1,0,9,
20170606,46,490,71,2,0,1,0,0,1,1,0,9,
20170606,46,286,72,0,0,1,0,0,1,1,0,9,
20170606,46,360,73,0,0,1,0,0,0,0,0,9,
20170606,46,355,74,2,0,1,0,0,1,1,0,9,
20170606,46,423,75,2,0,1,0,0,1,1,0,9,
20170606,46,385,176,0,0,1,0,0,0,1,0,9,
20170606,46,274,177,0,0,1,0,0,0,1,0,9,
20170606,46,432,178,2,0,1,0,0,1,1,0,9,
20170606,46,380,179,0,0,1,0,0,0,1,0,9,
20170606,46,278,180,0,0,1,0,0,0,1,0,9,
20170606,46,396,6283,0,0,1,0,0,0,0,0,7,
20170606,46,390,6284,0,0,1,0,0,0,0,0,7,
20170606,46,487,6285,1,0,1,0,0,1,1,0,7,
20170606,46,311,6286,0,0,1,0,0,1,0,0,7,
20170606,46,341,6287,0,0,1,0,0,1,0,0,7,
20170606,46,0,6414,0,0,1,0,1,0,0,0,7,
20170606,46,355,6288,0,0,1,0,0,0,0,0,7,
20170606,46,396,6289,2,1,1,0,0,0,0,0,7,
20170606,46,529,6290,2,0,1,0,0,0,1,0,7,
20170606,46,373,6291,0,0,1,0,0,0,0,0,7,
20170606,46,336,6292,0,0,1,0,0,1,0,0,7,
20170606,46,393,6293,0,0,1,0,0,1,0,0,7,
20170606,46,400,6294,0,0,1,0,0,0,1,0,7,
20170606,46,408,6295,2,0,1,0,0,1,1,0,7,
20170606,46,510,6296,2,0,1,0,0,0,1,0,7,
20170606,46,351,6297,1,1,1,0,0,0,1,0,7,
20170606,46,338,6298,0,0,1,0,0,0,1,0,7,
20170606,46,323,6299,0,0,1,0,0,0,0,0,7,
20170606,46,337,6300,0,0,1,0,0,1,1,0,7,
20170606,46,412,328000,2,0,1,0,0,0,0,0,7,
20170606,46,286,327999,0,0,1,0,0,0,0,0,7,
20170606,46,388,327998,0,0,1,0,0,1,1,0,7,
20170606,46,621,327997,1,1,1,0,0,1,1,0,7,
20170606,46,374,327996,0,0,1,0,0,0,1,0,7,
20170606,46,426,327995,1,0,1,0,0,1,0,0,7,
20170606,46,296,6233,0,0,1,0,0,0,1,0,7,
20170606,46,316,6234,0,0,1,0,0,1,0,0,7,
20170606,46,377,6235,0,0,1,0,0,0,0,0,7,
20170606,46,345,6236,0,0,1,0,0,1,0,0,7,
20170606,46,277,6237,0,0,1,0,0,0,0,0,7,
20170606,46,449,6238,2,0,1,0,0,0,0,0,7,
20170606,46,392,6240,0,0,1,0,0,0,1,0,7,
20170606,46,461,6241,1,0,1,0,0,0,0,0,7,
20170606,46,500,6242,2,0,1,0,0,0,1,0,7,
20170606,46,525,6243,1,1,1,0,0,1,1,0,7,
20170606,46,634,6244,1,1,1,0,0,1,1,0,7,
20170606,46,423,6245,2,0,1,0,0,0,0,0,7,
20170606,46,438,6246,1,0,1,0,0,1,1,0,7,
20170606,46,294,6247,0,0,1,0,0,0,0,0,7,
20170606,46,501,6248,2,0,1,0,0,1,0,0,7,
20170606,46,288,6249,0,0,1,0,0,0,0,0,7,
20170606,46,314,6250,0,0,1,0,0,0,0,0,7,
20170606,46,477,6276,2,0,1,0,0,1,1,0,7,
20170606,46,480,6277,1,1,1,0,0,1,1,0,7,
20170606,46,576,6278,2,0,1,0,0,1,1,0,7,
20170606,46,449,6279,1,1,1,0,0,0,1,0,7,
20170606,46,398,6280,1,1,1,0,0,1,1,0,7,
20170606,46,,5717,1,1,1,0,1,,,0,7,
20170606,46,566,6281,1,1,1,0,0,1,1,0,7,
20170606,46,400,6282,1,1,1,0,0,1,0,0,7,
20170606,46,416,327994,2,0,1,0,0,0,0,0,7,
20170606,46,443,327993,2,0,1,0,0,0,1,0,7,
20170606,46,314,327992,0,0,1,0,0,1,0,0,7,
20170606,46,339,327991,0,0,1,0,0,0,1,0,7,
20170606,46,461,327990,0,0,1,0,0,0,1,0,7,
20170606,46,309,327989,0,0,1,0,0,1,1,0,7,
20170606,46,291,327988,0,0,1,0,0,0,1,0,7,
20170606,46,396,327987,1,0,1,0,0,0,0,0,7,
20170606,46,475,201,2,0,1,0,0,1,1,0,7,
20170606,46,483,202,2,0,1,0,0,1,0,0,7,
20170606,46,383,206,0,0,1,0,0,0,1,0,7,
20170606,46,363,203,0,0,1,0,0,0,1,0,7,
20170606,46,442,204,1,0,1,0,0,0,1,0,7,
20170606,46,320,205,0,0,1,0,0,0,1,0,7,
20170606,46,383,207,0,0,1,0,0,0,1,0,7,
20170606,46,516,208,1,1,1,0,0,1,0,0,7,
20170606,46,256,209,0,0,1,0,0,0,0,0,7,
20170607,45,377,210,0,0,1,0,0,1,0,0,7,
20170607,45,269,211,0,0,1,0,0,0,0,0,7,
20170607,45,453,212,1,0,1,0,0,0,1,0,7,
20170607,45,343,213,0,0,1,0,0,0,1,0,7,
20170607,45,242,214,0,0,1,0,0,0,1,0,7,
20170607,45,230,215,0,0,1,0,0,0,0,0,7,
20170607,45,0,5725,1,0,1,0,1,1,,0,7,
20170607,45,326,216,0,0,1,0,0,0,0,0,7,
20170607,45,310,217,0,0,1,0,0,0,1,0,7,
20170607,45,496,218,1,0,1,0,0,0,0,0,7,
20170607,45,274,219,0,0,1,0,0,0,0,0,7,
20170607,45,524,220,0,0,1,0,0,1,1,0,7,
20170607,45,314,221,0,0,1,0,0,0,0,0,7,
20170607,45,336,222,0,0,1,0,0,1,1,0,7,
20170607,45,521,223,1,0,1,0,0,1,1,0,7,
20170607,45,396,224,2,0,1,0,0,0,0,0,7,
20170607,45,343,225,0,0,1,0,0,1,0,0,7,
20170607,45,375,226,2,0,1,0,0,0,1,0,7,
20170607,45,364,227,0,0,1,0,0,1,1,0,7,
20170607,45,378,228,2,0,1,0,0,0,1,0,7,
20170607,45,394,229,2,0,1,0,0,0,1,0,7,
20170607,45,372,230,1,0,1,0,0,1,1,0,7,
20170607,45,294,231,0,0,1,0,0,0,0,0,7,
20170607,45,356,232,0,0,1,0,0,1,1,0,7,
20170607,45,565,233,2,0,1,0,0,0,1,0,7,
20170607,45,608,234,2,0,1,0,0,1,1,0,7,
20170607,45,314,235,0,0,1,0,0,0,1,0,7,
20170607,45,327,236,0,0,1,0,0,0,1,0,7,
20170607,45,385,237,1,0,1,0,0,0,0,0,7,
20170607,45,342,238,0,0,1,0,0,1,1,0,7,
20170607,45,268,239,0,0,1,0,0,0,0,0,7,
20170607,45,485,240,2,0,1,0,0,1,1,0,7,
20170607,45,364,241,0,0,1,0,0,1,1,0,7,
20170607,45,419,242,2,0,1,0,0,0,0,0,7,
20170607,45,236,243,0,0,1,0,0,0,0,0,7,
20170607,45,0,5119,,,1,0,1,,,,7,
20170607,45,448,244,1,0,1,0,0,0,1,0,7,
20170607,45,343,245,0,0,1,0,0,0,0,0,7,
20170607,45,279,246,0,0,1,0,0,0,0,0,7,
20170607,45,254,247,0,0,1,0,0,0,0,0,7,
20170607,45,388,248,0,0,1,0,0,1,0,0,7,
20170607,45,382,249,0,0,1,0,0,1,1,0,7,
20170607,45,239,250,0,0,1,0,0,0,0,0,7,
20170607,45,252,101,0,0,1,0,0,1,0,0,7,
20170607,45,488,102,1,0,1,0,0,0,0,0,7,
20170607,45,368,103,0,0,1,0,0,0,0,0,7,
20170607,45,0,5473,2,,1,0,1,,,,7,
20170607,45,331,104,0,0,1,0,0,0,0,0,7,
20170607,45,454,105,1,0,1,0,0,1,0,0,7,
20170607,45,344,106,0,0,1,0,0,1,0,0,7,
20170607,45,460,107,2,0,1,0,0,1,1,0,7,
20170607,45,376,108,1,0,1,0,0,0,1,0,7,
20170607,45,246,109,0,0,1,0,0,0,0,0,7,
20170607,45,443,110,2,0,1,0,0,1,1,0,7,
20170607,45,360,111,2,0,1,0,0,1,0,0,7,
20170607,45,357,112,0,0,1,0,0,1,0,0,7,
20170607,45,455,113,1,0,1,0,0,1,1,0,7,
20170607,45,310,114,0,0,1,0,0,0,0,0,7,
20170607,45,500,115,2,0,1,0,0,0,1,0,7,
20170607,45,445,116,2,0,1,0,0,1,1,0,7,
20170607,45,264,117,0,0,1,0,0,0,1,0,7,
20170607,45,315,118,2,0,1,0,0,1,0,0,7,
20170607,45,291,119,0,0,1,0,0,1,0,0,7,
20170607,45,0,6020,,,1,0,1,,,0,7,
20170607,45,310,120,0,0,1,0,0,1,1,0,7,
20170607,45,267,121,0,0,1,0,0,0,0,0,7,
20170607,45,287,122,0,0,1,0,0,1,0,0,7,
20170607,45,314,123,0,0,1,0,0,1,0,0,7,
20170607,45,331,181,0,0,1,0,0,0,0,0,7,
20170607,45,250,182,0,0,1,0,0,0,0,0,7,
20170607,45,481,183,2,0,1,0,0,0,1,0,7,
20170607,45,412,184,0,0,1,0,0,1,1,0,7,
20170607,45,380,185,0,0,1,0,0,1,1,0,7,
20170607,45,0,5164,,,1,0,1,,,0,7,
20170607,45,273,186,1,1,1,0,0,1,1,0,7,
20170607,45,305,187,0,0,1,0,0,0,1,0,7,
20170607,45,281,202235,0,0,1,0,0,1,0,0,7,
20170607,45,305,188,0,0,1,0,0,0,0,0,7,
20170607,45,321,189,0,0,1,0,0,1,1,0,7,
20170607,45,242,202014,0,0,1,0,0,0,0,0,7,
20170607,45,293,202015,0,0,1,0,0,0,0,0,7,
20170607,45,315,202016,0,0,1,0,0,0,0,0,7,
20170607,45,295,202017,0,0,1,0,0,0,0,0,7,
20170607,45,205,202018,0,0,1,0,0,0,0,0,7,
20170607,45,350,202019,0,0,1,0,0,1,1,0,7,
20170607,45,344,202020,0,0,1,0,0,1,1,0,7,
20170607,45,325,202021,0,0,1,0,0,0,0,0,7,
20170607,45,314,202022,0,0,1,0,0,0,0,0,7,
20170607,45,530,202023,1,1,1,0,0,1,1,0,7,
20170607,45,620,202024,2,0,1,0,0,0,1,0,7,
20170607,45,481,202025,1,1,1,0,0,1,1,0,7,
20170607,45,459,202026,2,0,1,0,0,1,1,0,7,
20170607,45,492,202027,1,1,1,0,0,1,1,0,7,
20170607,45,660,202028,1,1,1,0,0,1,1,0,7,
20170607,45,375,202029,0,0,1,0,0,0,0,0,7,
20170607,45,0,5072,2,0,1,0,1,0,0,0,7,
20170607,45,355,202030,0,0,1,0,0,1,0,0,7,
20170607,45,362,202031,0,0,1,0,0,0,0,0,7,
20170607,45,235,202032,0,0,1,0,0,0,0,0,7,
20170607,45,374,0,0,0,1,0,0,1,0,1,7,
20170607,45,345,202033,0,0,1,0,0,0,0,0,7,
20170607,45,404,202034,0,0,1,0,0,1,1,0,7,
20170607,45,250,202035,0,0,1,0,0,0,0,0,7,
20170607,45,340,202036,0,0,1,0,0,0,1,0,7,
20170607,45,441,202037,2,0,1,0,0,1,1,0,7,
20170607,45,280,202038,0,0,1,0,0,0,0,0,7,
20170607,45,309,202039,0,0,1,0,0,0,0,0,7,
20170607,45,341,202040,0,0,1,0,0,1,1,0,7,
20170607,45,365,202041,0,0,1,0,0,1,1,0,7,
20170607,45,301,202050,0,0,1,0,0,1,1,0,7,
20170607,45,290,202043,0,0,1,0,0,1,1,0,7,
20170607,45,580,202044,2,0,1,0,0,1,1,0,7,
20170607,45,460,202046,1,1,1,0,0,1,0,0,7,
20170607,45,372,202047,0,0,1,0,0,0,0,0,7,
20170607,45,219,202048,0,0,1,0,0,0,0,0,7,
20170607,45,276,0,0,0,1,0,0,0,1,1,7,
20170607,45,213,202049,0,0,1,0,0,0,0,0,7,
20170607,45,428,202051,0,0,1,0,0,0,1,0,7,
20170607,45,450,202052,1,0,1,0,0,1,1,0,7,
20170607,45,432,202053,1,0,1,0,0,0,1,0,7,
20170607,45,265,202054,0,0,1,0,0,0,0,0,7,
20170607,45,650,202055,1,0,1,0,0,0,1,0,7,
20170607,45,520,202056,2,0,1,0,0,1,0,0,7,
20170608,47,432,124,1,0,1,0,0,0,1,0,6,
20170608,47,337,125,0,0,1,0,0,1,1,0,6,
20170608,47,475,151,1,0,1,0,0,1,1,0,6,
20170608,47,545,152,2,0,1,0,0,1,1,0,6,
20170608,47,490,153,1,0,1,0,0,1,1,0,6,
20170608,47,450,154,0,0,1,0,0,1,1,0,6,
20170608,47,583,155,2,0,1,0,0,1,1,0,6,
20170608,47,470,156,1,0,1,0,0,0,1,0,6,
20170608,47,450,157,2,0,1,0,0,0,0,0,6,
20170608,47,361,158,0,0,1,0,0,0,0,0,6,
20170608,47,442,159,0,0,1,0,0,0,1,0,6,
20170608,47,440,160,2,1,1,0,0,1,1,0,6,
20170608,47,274,161,0,0,1,0,0,1,0,0,6,
20170608,47,462,162,1,0,1,0,0,0,0,0,6,
20170608,47,0,5556,,,1,0,1,,,0,6,
20170608,47,382,163,0,0,1,0,0,1,1,0,6,
20170608,47,468,164,0,0,1,0,0,0,1,0,6,
20170608,47,404,165,2,0,1,0,0,0,0,0,6,
20170608,47,530,166,2,1,1,0,0,1,1,0,6,
20170608,47,425,167,0,0,1,0,0,0,1,0,6,
20170608,47,480,168,1,1,1,0,0,0,1,0,6,
20170608,47,321,169,0,0,1,0,0,1,1,0,6,
20170608,47,525,170,2,0,1,0,0,1,1,0,6,
20170608,47,482,171,2,0,1,0,0,0,1,0,6,
20170608,47,445,172,2,0,1,0,0,1,0,0,6,
20170608,47,385,173,0,0,1,0,0,0,0,0,6,
20170608,47,501,174,1,0,1,0,0,1,1,0,6,
20170608,47,484,175,2,0,1,0,0,0,1,0,6,
20170608,47,431,126,1,1,1,0,0,1,0,0,6,
20170608,47,310,127,0,0,1,0,0,1,1,0,6,
20170608,47,364,128,0,0,1,0,0,1,1,0,6,
20170608,46,354,129,0,0,1,0,0,0,0,0,6,
20170608,46,393,130,2,0,1,0,0,1,1,0,6,
20170608,46,452,131,2,0,1,0,0,0,0,0,6,
20170608,46,0,6435,,,1,0,1,,,0,6,
20170608,46,375,132,0,0,1,0,0,0,1,0,6,
20170608,46,376,133,0,0,1,0,0,1,0,0,6,
20170608,46,291,134,0,0,1,0,0,0,1,0,6,
20170608,46,433,135,0,0,1,0,0,1,1,0,6,
20170608,46,0,6046,,,1,0,1,,,0,6,
20170608,46,0,6040,0,0,1,0,1,,,0,6,
20170608,46,340,136,0,0,1,0,0,0,0,0,6,
20170608,46,490,137,2,0,1,0,0,0,0,0,6,
20170608,46,420,138,0,0,1,0,0,0,0,0,6,
20170608,46,382,139,0,0,1,0,0,1,1,0,6,
20170608,46,290,140,0,0,1,0,0,1,1,0,6,
20170608,46,300,141,0,0,1,0,0,0,0,0,6,
20170608,46,260,142,0,0,1,0,0,0,0,0,6,
20170608,46,345,143,0,0,1,0,0,1,1,0,6,
20170608,46,350,144,0,0,1,0,0,0,0,0,6,
20170608,46,290,145,0,0,1,0,0,0,0,0,6,
20170608,46,0,5350,,,1,0,1,,,0,6,
20170608,46,445,146,2,0,1,0,0,0,0,0,6,
20170608,46,0,201,,,1,0,1,,,0,6,
20170608,46,438,147,2,0,1,0,0,0,0,0,6,
20170608,46,432,148,0,0,1,0,0,0,0,0,6,
20170608,46,420,149,0,0,1,0,0,0,1,0,6,
20170608,46,272,150,0,0,1,0,0,0,1,0,6,
20170608,46,425,327951,0,0,1,0,0,0,1,0,6,
20170608,46,482,327952,2,0,1,0,0,0,1,0,6,
20170608,46,464,327953,2,0,1,0,0,0,0,0,6,
20170608,46,340,327954,0,0,1,0,0,0,1,0,6,
20170608,46,360,327955,0,0,1,0,0,0,1,0,6,
20170608,46,320,327956,0,0,1,0,0,0,1,0,6,
20170608,46,356,327957,0,0,1,0,0,0,1,0,6,
20170608,46,340,327958,0,0,1,0,0,0,1,0,6,
20170608,46,451,327959,1,0,1,0,0,0,1,0,6,
20170608,46,473,327960,1,0,1,0,0,0,0,0,6,
20170608,46,265,327961,0,0,1,0,0,0,0,0,6,
20170608,46,304,327962,0,0,1,0,0,0,0,0,6,
20170608,46,326,327963,0,0,1,0,0,0,1,0,6,
20170608,46,295,327964,0,0,1,0,0,0,0,0,6,
20170608,46,345,327965,2,0,1,0,0,0,1,0,6,
20170608,46,327,327966,0,0,1,0,0,0,0,0,6,
20170608,46,308,327967,0,0,1,0,0,0,1,0,6,
20170608,45,502,327968,1,1,1,0,0,1,1,0,6,
20170608,45,470,327969,2,0,1,0,0,1,1,0,6,
20170608,45,391,327970,0,0,1,0,0,1,1,0,6,
20170608,45,290,327971,0,0,1,0,0,0,0,0,6,
20170608,45,250,327972,0,0,1,0,0,0,0,0,6,
20170608,45,236,327973,0,0,1,0,0,0,0,0,6,
20170608,45,240,327974,0,0,1,0,0,0,0,0,6,
20170608,45,405,327975,0,0,1,0,0,0,1,0,6,
20170608,47,536,202057,2,0,1,0,0,1,0,0,6,561
20170608,47,423,202058,1,0,1,0,0,0,1,0,6,446
20170608,47,564,202059,1,0,1,0,0,1,1,0,6,587
20170608,47,0,5942,1,1,1,0,1,1,1,0,6,
20170608,47,0,4876,2,0,1,0,1,,,0,6,
20170608,47,452,202060,1,0,1,0,0,1,1,0,6,473
20170608,47,412,202061,0,0,1,0,0,1,0,0,6,427
20170608,47,490,202062,2,0,1,0,0,0,0,0,6,506
20170608,47,357,202063,0,0,1,0,0,1,0,0,6,373
20170608,47,382,202064,2,0,1,0,0,1,0,0,6,394
20170608,47,484,202065,1,1,1,0,0,1,1,0,6,499
20170608,47,335,202066,0,0,1,0,0,0,1,0,6,349
20170608,47,601,202072,2,0,1,0,0,1,1,0,6,611
20170608,47,491,202073,1,1,1,0,0,1,1,0,6,514
20170608,47,473,202074,0,0,1,0,0,0,0,0,6,489
20170608,47,427,202075,1,0,1,0,0,0,1,0,6,442
20170608,47,506,202077,1,1,1,0,0,1,1,0,6,527
20170608,47,387,202078,0,0,1,0,0,1,1,0,6,403
20170608,47,507,202079,1,0,1,0,0,1,1,0,6,523
20170608,47,493,202080,2,0,1,0,0,0,1,0,6,508
20170608,47,471,202081,2,0,1,0,0,0,1,0,6,494
20170608,47,391,202082,0,0,1,0,0,0,0,0,6,411
20170608,47,303,202083,0,0,1,0,0,1,0,0,6,319
20170608,47,243,202085,0,0,1,0,0,0,0,0,6,253
20170608,47,512,202086,1,0,1,0,0,1,1,0,6,528
20170608,47,456,202087,1,0,1,0,0,1,0,0,6,469
20170608,47,418,202088,1,0,1,0,0,0,1,0,6,452
20170608,47,443,0,2,0,,0,0,0,1,0,6,
20170608,47,401,202089,2,0,1,0,0,0,0,0,6,416
20170608,46,480,202090,1,1,1,0,0,0,1,0,6,494
20170608,46,452,202091,2,0,1,0,0,1,1,0,6,464
20170608,46,331,202092,0,0,1,0,0,0,0,0,6,347
20170608,46,384,202093,0,0,1,0,0,1,1,0,6,398
20170608,46,372,202094,0,0,1,0,0,0,1,0,6,393
20170608,46,0,5099,2,1,1,0,1,,,0,6,
20170608,46,417,202095,2,0,1,0,0,1,0,0,6,434
20170608,46,391,202096,0,0,1,0,0,1,1,0,6,412
20170608,46,611,202097,1,1,1,0,0,1,1,0,6,625
20170608,46,341,202099,0,0,1,0,0,0,1,0,6,352
20170608,46,340,202101,1,1,1,0,0,0,1,0,6,349
20170608,46,253,202102,0,0,1,0,0,0,0,0,6,266
20170608,46,279,202103,0,0,1,0,0,0,0,0,6,289
20170608,46,401,202104,0,0,1,0,0,0,1,0,6,414
20170608,46,488,202105,1,1,1,0,0,1,1,0,6,504
20170608,46,444,202106,1,0,1,0,0,1,1,0,6,459
20170608,46,507,202107,1,1,1,0,0,1,1,0,6,524
20170608,46,388,202108,2,0,1,0,0,0,0,0,6,409
20170608,46,379,202109,0,0,1,0,0,0,1,0,6,407
20170608,46,417,0,2,0,,0,0,0,0,1,6,429
20170608,46,382,202110,0,0,1,0,0,1,0,0,6,406
20170608,46,484,202111,0,0,1,0,0,1,0,0,6,499
20170608,46,443,202112,0,0,1,0,0,0,1,0,6,459
20170608,46,379,202113,2,0,1,0,0,0,1,0,6,393
20170608,46,658,202114,1,1,1,0,0,1,1,0,6,681
20170608,46,372,202115,1,0,1,0,0,1,1,0,6,389
20170608,46,311,202116,0,0,1,0,0,1,1,0,6,324
20170608,46,393,202117,2,0,1,0,0,1,0,0,6,418
20170608,46,387,202118,1,1,1,0,0,1,1,0,6,408
20170608,46,403,202119,2,0,1,0,0,0,0,0,6,422
20170608,46,524,0,0,0,1,0,0,1,1,0,6,541
20170608,46,480,202120,0,0,1,0,0,1,1,0,6,496
20170608,45,464,202121,1,1,1,0,0,1,1,0,6,489
20170608,45,374,202122,0,0,1,0,0,0,0,0,6,393
20170608,45,301,202123,0,0,1,0,0,0,0,0,6,313
20170608,45,328,202124,0,0,1,0,0,0,0,0,6,344
20170608,45,259,202125,0,0,1,0,0,0,0,0,6,274
20170608,45,308,202126,0,0,1,0,0,1,0,0,6,327
20170608,45,374,202127,1,0,1,0,0,0,1,0,6,402
20170608,45,449,202128,1,1,1,0,0,1,1,0,6,463
20170608,45,385,202129,2,0,1,0,0,0,1,0,6,404
20170608,45,351,202130,0,0,1,0,0,0,0,0,6,368
20170608,45,366,202131,0,0,1,0,0,1,0,0,6,381
20170608,45,318,202132,0,0,1,0,0,1,0,0,6,337
20170608,45,354,202133,0,0,1,0,0,1,1,0,6,373
20170608,45,364,202134,0,0,1,0,0,1,1,0,6,387
20170608,45,222,202135,0,0,1,0,0,0,1,0,6,234
20170608,45,417,202136,0,0,1,0,0,0,0,0,6,434
20170608,45,518,202137,1,1,1,0,0,1,1,0,6,534
20170608,45,300,202138,0,0,1,0,0,1,0,0,6,314
20170608,45,497,202139,1,0,1,0,0,0,1,0,6,508
20170608,45,298,202140,0,0,1,0,0,0,0,0,6,314
20170608,45,355,202141,1,0,1,0,0,0,0,0,6,366
20170608,45,290,202142,0,0,1,0,0,0,1,0,6,303
20170608,45,356,202143,0,0,1,0,0,0,0,0,6,371
20170608,45,328,0,0,0,1,0,0,0,1,0,6,
20170608,45,378,202144,0,0,1,0,0,1,1,0,6,394
20170608,45,387,202145,1,0,1,0,0,1,0,0,6,404
20170608,45,297,202146,0,0,1,0,0,0,1,0,6,316
